company name,company description,website url,linkedin url,careers page url,job listings page url,job post1 url,job post1 title,job post2 url,job post2 title,job post3 url,job post3 title
Forest Stewardship Council,Promoting sustainable forestry to combat climate and biodiversity crises globally.,https://fsc.org,https://www.linkedin.com/company/fsc-international-bonn,https://fsc.org/en/careers-at-fsc,https://fsc.jobs.personio.com/?language=en,https://fsc.jobs.personio.com/job/2125086?language=en,Chief Programme Officer (m-f-d) - Permanent employee-Full-timeÂ·FSC Global Development GmbHÂ FSC Global Development GmbH,https://fsc.jobs.personio.com/job/2268478?language=en,Executive Assistant (m-f-d) - Temporary-Full-timeÂ Bonn-Germany (Hybrid)Â·Bonn Germany (Hybrid),https://fsc.jobs.personio.com/job/2005656?language=en,Media Relations Manager (m-f-d) - Temporary-Full-timeÂ·Bonn Germany (Hybrid)Â·Bonn Germany (Hybrid)
Polestar,Driving society forward with uncompromised electric performance and progressive innovation.,https://www.polestar.com,https://se.linkedin.com/company/polestarcars,https://www.polestar.com/global/about/careers/,https://polestar.teamtailor.com/jobs,https://polestar.teamtailor.com/jobs/5943474-global-fleet-operations-support-internship,Global Fleet Operations Support | Internship - Global Sales · Gothenburg- Sweden,https://polestar.teamtailor.com/jobs/5280539-global-finance-process-owner-record-to-report,Global Finance Process Owner | Record to Report - Finance · Gothenburg Sweden · Hybrid,https://polestar.teamtailor.com/jobs/3537557-internship-operations,Internship | Operations - Global Sales · Cologne Germany
Sweep,Streamline carbon management and reduction across your business with comprehensive software solutions.,https://www.sweep.io,https://www.linkedin.com/company/sweephq,https://sweep.run/careers/,https://sweep.teamtailor.com/jobs,https://sweep.teamtailor.com/jobs/6279410-customer-success-leader,Customer Success Leader - Customer Success · London · Hybrid,https://sweep.teamtailor.com/jobs/6229943-senior-ai-engineer,Senior AI Engineer - Engineering · Multiple locations · Hybrid,https://sweep.teamtailor.com/jobs/6218362-partner-sales-manager-london,Partner Sales Manager - (London) - Partnership · London
Climate Bonds Initiative,Mobilizing $100 trillion bond market for global climate solutions.,https://www.climatebonds.net,https://uk.linkedin.com/company/climate-bonds-initiative,https://www.climatebonds.net/about/careers,https://jobs.workable.com/company/tZM1AeDiXDRU7MAbb2se1w/jobs-at-climate-bonds-initiative,https://jobs.workable.com/view/jNTn9Sw71YAAdHWtiX7adj/remote-bid-coordinator-in-united-kingdom-at-climate-bonds-initiative,Bid Coordinator,https://jobs.workable.com/view/6fDiFfXK4raMU2prGpdcEC/remote-technical-assistance-senior-analyst-in-united-kingdom-at-climate-bonds-initiative,Technical Assistance Senior Analyst,,
Fuse Energy,Accelerating global renewable energy transition with comprehensive solutions.,https://www.fuseenergy.com,https://www.linkedin.com/company/fuseenergyhq,https://www.f.energy/join-us,https://jobs.workable.com/company/mys3rnjh4iJKUK9w7HGpEC/jobs-at-fuse-energy,https://jobs.workable.com/view/uRexDPuNLGzokDgVnFkS64/lead-heat-pump-installer-in-nationwide-at-fuse-energy,Lead Heat Pump Installer,https://jobs.workable.com/view/7oUvCzqH9H5LoKKMfwE7v7/operations-analyst-in-dublin-at-fuse-energy,Operations Analyst,https://jobs.workable.com/view/adQzVBpKVhZHNZMwegzAgJ/warehouse-associate-in-london-at-fuse-energy,Warehouse Associate
ESG Book,"Transforming sustainability data access for 50,000+ companies to drive impactful climate solutions.",https://www.esgbook.com,https://uk.linkedin.com/company/esgbook,https://www.jobaaj.com/company/esg-book-careers,https://jobs.workable.com/company/vYpLrJfKZCxnNrMbN5kUxT/jobs-at-esg-book,https://jobs.workable.com/view/kydwAy73J8bmYRrzb41go2/hybrid-client-enablement-analyst-in-frankfurt-am-main-at-esg-book,Client Enablement Analyst,https://jobs.workable.com/view/hPRb2kALDdE8eymdmwQs8a/hybrid-platform-engineer-in-london-at-esg-book,Platform Engineer,,
Altruistiq,Automate and optimize corporate sustainability data for impactful climate action.,https://altruistiq.com,https://uk.linkedin.com/company/altruistiq,https://altruistiq.com/about-us/careers,https://job-boards.eu.greenhouse.io/altruistiq/jobs/4650898101,,,,,,
Tandem,Banking solutions that promote green finance and support eco-friendly financial decisions.,https://tandem.net,https://www.linkedin.com/company/tandem-health,https://www.tandemdiabetes.com/about-us/careers,https://www.linkedin.com/company/tandemdiabetes/jobs, https://recruiting2.ultipro.com/TAN1005TDCI/JobBoard/7c56fc7c-1edd-48ec-939c-10225b1f3df1/OpportunityDetail?opportunityId=0e822c58-94df-4f55-b750-bfe077e30f8e&sourceId=b3fb8d7d-bf39-49f3-bfbd-dacc0b9788f6&source=LinkedIn&utm_source=LINKEDIN, Marketing  Administrator- Brussels Belgium, https://recruiting2.ultipro.com/TAN1005TDCI/JobBoard/7c56fc7c-1edd-48ec-939c-10225b1f3df1/OpportunityDetail?opportunityId=87a52ad8-36d1-4fdc-8e95-16289e6164bf&sourceId=b3fb8d7d-bf39-49f3-bfbd-dacc0b9788f6&source=LinkedIn&utm_source=LINKEDIN, Inside Sales Associate (Hybrid)San Diego-CA,https://recruiting2.ultipro.com/TAN1005TDCI/JobBoard/7c56fc7c-1edd-48ec-939c-10225b1f3df1/OpportunityDetail?opportunityId=8baa0f7e-8590-49af-ac54-dbf193bb2633&sourceId=b3fb8d7d-bf39-49f3-bfbd-dacc0b9788f6&source=LinkedIn, Specialist I-Inside Sales Orlando- FL
Willow,"Optimize buildings for security, sustainability, and efficiency with real-time integrated facility management.",https://www.imdb.com,https://www.linkedin.com/company/willowinc,https://www.willowbridgepc.com/careers,https://www.indeed.com/q-the-willows-jobs.html,,,,,,
Qwello,Designing user-focused EV chargers to accelerate Europe's electric transition and climate goals.,https://qwello.eu,https://de.linkedin.com/company/qwello,https://qwello.eu/en/careers,https://jobs.lever.co/qwello.eu,https://jobs.lever.co/qwello.eu/824dca7b-5e3c-415b-8fdb-6f549e11510d,Backend DeveloperHybrid —Full-timeMunich- Bavaria,https://jobs.lever.co/qwello.eu/2e82e278-3719-49a3-afae-02b393fe79e4,Marketing Manager Hybrid —Full-time-Veenendaal,https://jobs.lever.co/qwello.eu/58fcad30-a38d-465a-9049-cbb00b88e73e,Fleet Reliability and Maintenance Working Student Hybrid —Working StudentMunich Bavaria
Node energy,Optimize energy systems for real estate to cut CO2 emissions and costs.,https://www.node.energy,https://au.linkedin.com/company/node-energy-services,https://node4.co.uk/careers/,https://www.linkedin.com/jobs/node.energy-jobs-worldwide?f_C=18141492&trk=top-card_top-card-primary-button-top-card-primary-cta,,,,,,
Exponent Energy,Accelerating the energy shift to scale electric vehicles globally.,https://www.exponent.energy,https://in.linkedin.com/company/exponent-energy,https://www.exponent.energy/careers,https://jobs.workable.com/company/nVSLoGssmjHMZHLtUxv8MW/jobs-at-exponent-energy,https://jobs.workable.com/view/gzQ7RLtBCGCfJKJABtoGS2/city-lead-in-delhi-at-exponent-energy,City Lead,https://jobs.workable.com/view/g3nypa79MPUv7Zi2c974ay/product-manager-(software%2C-network-%26-cx)-in-bengaluru-at-exponent-energy,Product Manager (Software Network & CX),https://jobs.workable.com/view/j6SF3gs5ykEPjoXrDtaxHT/vehicle-integration-engineer-in-bengaluru-at-exponent-energy,Vehicle Integration Engineer
HITACHI ENERGY,Advancing sustainable energy systems towards a carbon-neutral future.,https://www.hitachienergy.com,https://www.linkedin.com/company/hitachienergy,https://www.hitachienergy.com/us/en/careers/open-jobs,https://hitachi.wd1.myworkdayjobs.com/hitachi,https://hitachi.wd1.myworkdayjobs.com/hitachi/job/Chennai-Tamil-Nadu-India/Project-Engineer---Steel-Structures_R0097830/apply, Project-Engineer---Steel-Structures_R0097830-(HE)Office_Commerzone(Chennai Tamil Nadu India),https://hitachi.wd1.myworkdayjobs.com/hitachi/job/Chennai-Tamil-Nadu-India/Project-Engineer---Primary-Engineering_R0086576/apply, Project Engineer - Primary Engineering Full time(Chennai Tamil Nadu India) , https://hitachi.wd1.myworkdayjobs.com/hitachi/job/Dammam-Eastern-Region-Saudi-Arabia/GIS-installation---commissioning-supervisor_R0103081/apply, GIS installation & commissioning supervisor Full time (Dammam Eastern Region Saudi Arabia)
Eurofins,"Analytical testing services promoting safer, healthier, and more sustainable environments globally.",https://www.eurofins.com,https://ca.linkedin.com/company/eurofins,https://careers.eurofins.com/us/jobs/,https://careers.eurofins.com/us/,,,,,,
Contact Energy,"Driving New Zealand's transition to reliable, low-carbon renewable energy.",https://contact.co.nz,https://nz.linkedin.com/company/contactenergy,https://contact.co.nz/about-us/careers,https://careers.smartrecruiters.com/ContactEnergy,,,,,,
Amini,Building Africa's environmental data infrastructure with AI to address climate challenges.,https://www.amini.com,https://www.linkedin.com/company/amini-innovation-corporation-aico-,https://www.amini.com/ourCompany?company=careers,https://www.amini.com/ourCompany?company=careers,,,,,,
Landis+Gyr,Empowering a smarter grid for reduced environmental footprints and energy efficiency worldwide.,https://www.landisgyr.com,https://www.linkedin.com/company/landis,https://careers.landisgyr.com/,https://www.indeed.com/q-landis-gyr-jobs.html, https://careers.landisgyr.com/job/Alpharetta-Staff-Engineer-Software-Development-GA-30004/1170528001/, Staff Engineer Software Development(Alpharetta-GA), https://careers.landisgyr.com/job/Alpharetta-Technical-Implementation-Engineer-I-GA-30004/1208234701/, Technical Implementation Engineer I (Alpharetta GA), https://careers.landisgyr.com/job/Kirkland-Premium-Support-Engineer-II-WA-98033/1226579201/, Premium Support Engineer II-Kirkland-WA(Totem lake area)
Blockchain & Climate Institute,"Empowering climate action with blockchain, AI, and IoT for a sustainable future.",https://blockchainclimate.org,https://uk.linkedin.com/company/blockchainclimateinstitute,https://web3.career/web3-companies/blockchain-climateinstitute,https://jobs.workable.com/company/dWQSzD2QrACgo5rV1SNuh3/jobs-at-blockchain-%26-climate-institute,https://jobs.workable.com/view/oNThaK7wDCpM2hA7rMmLPB/remote-unpaid-volunteer---knowledge-manager-in-washington-at-blockchain-%26-climate-institute%2F-bci-america-inc.,UNPAID VOLUNTEER - Knowledge Manager,https://jobs.workable.com/view/gKcgc5bDDKjY9ECBtf9gT4/remote-unpaid-volunteer---learning-designer-%2F-learning-technologist-in-united-kingdom-at-blockchain-%26-climate-institute%2F-bci-america-inc.,UNPAID VOLUNTEER - Learning Designer / Learning Technologist,https://jobs.workable.com/view/3hvU9nbgxFjXpnyQLPuEEe/remote-unpaid-volunteer---chief-of-staff-in-hong-kong-at-blockchain-%26-climate-institute%2F-bci-america-inc.,UNPAID Volunteer - Chief of Staff
Environmental Resources Management,"Strategic consultancy accelerating global sustainability, enabling low-carbon futures and advancing ESG priorities worldwide.",https://www.erm.com,https://uk.linkedin.com/company/erm,https://www.erm.com/careers/,https://erm.wd3.myworkdayjobs.com/ERM_Careers, https://erm.wd3.myworkdayjobs.com/ERM_Careers/job/Madrid-Spain/Coordinador-Seguridad-y-Salud-en-Obra---H-S-Construction-Coordinator_R00027468-1/apply, Coordinador Seguridad y Salud en Obra / H&S Construction Coordinator-madrid spain, https://erm.wd3.myworkdayjobs.com/ERM_Careers/job/Holland-Michigan/Managing-Consultant--Environmental-Compliance-Consultant-Project-Manager--Senior-Level-_R00027088/apply, Managing Consultant Environmental Compliance Consultant/Project Manager(Holland-Michigan),https://erm.wd3.myworkdayjobs.com/ERM_Careers/job/Madrid-Spain/Manager-en-seguridad-y-salud-Construccin-H-S-Manager-Construction_R00027263/apply, Manager en seguridad y salud Construcción/H&S Manager Construction (Madrid-spain)
Emitwise,"Our mission is to accelerate the world’s transition to net zero carbon, but we need to move quickly.",https://emitwise.com,https://uk.linkedin.com/company/emitwise,https://emitwise.com/careers/,https://jobs.lever.co/emitwise,,,,,,
Vattenfall,Pioneering fossil-free energy for a sustainable future.,https://group.vattenfall.com,https://se.linkedin.com/company/vattenfall,https://careers.vattenfall.com/,https://careers.smartrecruiters.com/vattenfall?search=&page=0&location=Berlin%2C%20DE,,,,,,
EcoVadis,Empowering companies with actionable insights to improve sustainability and reduce environmental impact.,https://ecovadis.com,https://www.linkedin.com/company/ecovadis,https://ecovadis.com/careers/?,https://careers.smartrecruiters.com/ecovadis,,,,,,
Fastmarkets Ltd,"Empowering strategic decisions with market insights and networking in volatile, opaque markets.",https://www.fastmarkets.com,https://uk.linkedin.com/company/fastmarkets,https://www.fastmarkets.com/about-us/careers/,https://careers.smartrecruiters.com/fastmarkets?search=&page=0&department=11787008,,,,,,
Grid Edge,"AI-driven solutions for energy optimization, transforming buildings into smart, sustainable participants in the energy system.",https://gridedge.ai,https://uk.linkedin.com/company/grid-edge,https://www.hitachienergy.com/careers/open-jobs/open-positions-grid-edge-solutions-in-europe,https://www.indeed.com/q-grid-edge-engineer-jobs.html, https://careers.gevernova.com/global/en/job/R5011064/Machine-Learning-Engineer-AI-for-Grid-Innovation-Energy-Transition-Energy-Sector-Experience-Required?utm_source=indeed&utm_medium=phenom-feeds, Machine Learning Engineer – AI for Grid Innovation & Energy Transition (Energy Sector Experience Required), https://careers.gevernova.com/global/en/job/R5011062/Data-Scientist-Grid-Innovation-Model-Development-Energy-Sector-Experience-Required?utm_source=indeed&utm_medium=phenom-feeds, Data Scientist – Grid Innovation Model Development (Energy Sector Experience Required), https://careers.gevernova.com/global/en/job/R5016786/Test-Trials-Engineer?utm_source=indeed&utm_medium=phenom-feeds, Test & Trials Engineer-Leicester
One • fıve,"Circular, cleaner, tailor-made packaging to reduce consumer goods industry’s environmental impact.",https://www.one-five.com,https://de.linkedin.com/company/one-five-com,https://careers.revent.vc/jobs/one-five,https://careers.revent.vc/jobs/one-five,,,,,,
Flower ⚡,"Powering renewable efficiency with software for flexible, sustainable energy systems.",https://www.flower.se,https://www.linkedin.com/company/flowertechnologies/,https://careers.flowersfoods.com/,https://www.linkedin.com/jobs/flower-%E2%9A%A1-jobs-worldwide,https://www.linkedin.com/jobs/view/cultivator-nature-s-of-log-lane-at-natures-herbs-4277949282?position=1&pageNum=0&refId=Zxe%2BzIHI1aHHYPwoPRFAjg%3D%3D&trackingId=DucR2qnBzyQdWbw9zzw%2FWQ%3D%3D,Cultivator - Nature's of Log Lane — ,https://www.linkedin.com/jobs/view/cultivator-nature-s-of-sedgwick-at-natures-herbs-4279768256?position=2&pageNum=0&refId=Zxe%2BzIHI1aHHYPwoPRFAjg%3D%3D&trackingId=wCBn8jrAvl3JUH%2Bu97QVhQ%3D%3D,Cultivator - Nature's of Sedgwick — ,https://www.linkedin.com/jobs/view/harvester-at-710-labs-4277872352?position=3&pageNum=0&refId=Zxe%2BzIHI1aHHYPwoPRFAjg%3D%3D&trackingId=6POhwpmp2IQb89Wm3pdaSg%3D%3D, Harvester 
Beam,Beam helps accelerate the transition to renewable energy focusing on offshore wind,https://shopbeam.com,https://uk.linkedin.com/company/wearebeam,https://careers.beam.org/jobs,https://www.indeed.com/q-beam-jobs.html, https://jobs.ashbyhq.com/beam-up/ed06e6e5-15e4-4d26-b50c-6b147c0fe2bf, Lead product engineer-London, https://jobs.ashbyhq.com/beam-up/245761bc-6aa3-4010-9920-ff40971e63a7, Head of applied AI-London, https://jobs.ashbyhq.com/beam-up/20854980-29c2-47f4-b7ea-d90740819da7, Senior product manager London Hybrid
PVcase,Revolutionizing solar design to maximize yield and reduce carbon footprints globally.,https://pvcase.com,https://lt.linkedin.com/company/pvcase,https://pvcase.com/blog/8-exciting-career-possibilities-in-renewable-energy,https://recruitee.com,,,,,,
Vertical Aerospace,"Revolutionizing personal air travel with on-demand, carbon-free aircraft.",https://vertical-aerospace.com,https://uk.linkedin.com/company/vertical-aerospace-ltd,https://vertical-aerospace.com/careers/,https://www.linkedin.com/jobs/vertical-aerospace-jobs-worldwide,https://uk.linkedin.com/jobs/view/head-of-modelling-simulation-at-vertical-aerospace-4253127210?position=1&pageNum=0&refId=7lLOPy8%2FRGTwxOuNOvt4uw%3D%3D&trackingId=dHEeNI60yxf4udxFTsuCYA%3D%3D,"Head of Modelling & Simulation,https://uk.linkedin.com/jobs/view/battery-manufacturing-engineer-industrialisation-at-vertical-aerospace-4248309389?position=2&pageNum=0&refId=7lLOPy8%2FRGTwxOuNOvt4uw%3D%3D&trackingId=8IoZD0H783O5MLoi6D2i7w%3D%3D,Battery Manufacturing Engineer- Industrialisation ",https://uk.linkedin.com/jobs/view/technical-project-coordinator-at-vertical-aerospace-4280913122?position=3&pageNum=0&refId=7lLOPy8%2FRGTwxOuNOvt4uw%3D%3D&trackingId=bCJmknVk4IXY6Im%2BwFBeug%3D%3D,Technical Project Coordinator,,
AMPECO,Accelerating global EV charging infrastructure for a sustainable future.,https://www.ampeco.com,https://bg.linkedin.com/company/ampeco,https://www.ampeco.com/us/careers/,https://jobs.lever.co/ampeco-global/a7644e8d-2822-4a85-ab1a-414c32b16cba,,,,,,
Einride,"Revolutionizing freight transport to be emission-free, safe, and sustainable.",https://www.einride.tech,https://www.linkedin.com/company/einride,https://careers.einride.tech/,https://www.linkedin.com/jobs/einride-jobs-worldwide,https://www.linkedin.com/jobs/view/director-solutions-us-at-einride-4278723697?position=1&pageNum=0&refId=kNBnxfFpGoRwt4FkwPKQVQ%3D%3D&trackingId=HC%2BBvhQ5aAkeKa0eNqwE4g%3D%3D,"Director Solutions, US — ",https://se.linkedin.com/jobs/view/global-category-director-at-einride-4278730136?position=2&pageNum=0&refId=kNBnxfFpGoRwt4FkwPKQVQ%3D%3D&trackingId=TgDosNAr29P3lafZV5xSbA%3D%3D,Global Category Director — ,https://se.linkedin.com/jobs/view/product-manager-at-einride-4278722933?position=3&pageNum=0&refId=kNBnxfFpGoRwt4FkwPKQVQ%3D%3D&trackingId=oxKJuDeVuGESiETtVMAERw%3D%3D,Product Manager 
Climate Analytics Inc.,"Driving climate action through science, policy support, and global policy analysis.",https://climateanalytics.org,https://www.linkedin.com/company/climate-analytics,https://climateanalytics.org/about-us/work-with-us,"https://www.indeed.com/q-climate-analytics-l-new-york,-ny-jobs.html",,,,,,
National Park City Foundation,"Transforming urban areas into greener, healthier, and wilder National Park Cities.",https://www.nationalparkcity.org,https://www.linkedin.com/company/national-park-city-foundation,https://www.nationalparks.org/careers,https://www.ziprecruiter.com/co/National-Park-Foundation/Jobs,,,,,,
OVO Energy,"Making energy cheaper, greener, and simpler for a sustainable future.",https://www.ovoenergy.com,https://uk.linkedin.com/company/ovoenergy,https://careers.ovo.com/,https://www.ovoenergy.com/careers,,,,,,
Pivotal Future,Building a future-ready economy balancing business growth with positive environmental impact.,https://www.pivotal.earth,https://uk.linkedin.com/company/pivotalfuture,https://www.conservation-careers.com/company/Pivotal%20Future%20Ltd/,https://jobs.aenu.com/jobs/pivotal-future,,,,,,
Ecoworks,"Revolutionizing multi-family housing with rapid, eco-friendly modernizations through pre-fabrication and efficient energy systems.",https://www.ecoworksct.org,https://www.linkedin.com/company/ecoworks-studio,https://www.ecoworks.sg/careers,https://job-boards.greenhouse.io/ecoworks/jobs/4603162101,,,,,,
ICAP Energy AS,Driving sustainable markets with innovative energy and commodities brokering.,https://icap.com,https://www.linkedin.com/company/icap-energy,https://tpicap.com/tpicap/careers,https://tp.wd3.myworkdayjobs.com/en-US/TP-ICAP/job/Listed-Derivatives-Business-Manager_R4009, https://tp.wd3.myworkdayjobs.com/TP-ICAP/job/London/Futures-and-Options-Sales-Trader_R4137, Futures and Options Sales Trader (UK - 135 Bishopsgate - London), https://tp.wd3.myworkdayjobs.com/TP-ICAP/job/London/Close---Reporting---Global-Process-Owner_R3809/apply, Close & Reporting - Global Process Owner UK, https://tp.wd3.myworkdayjobs.com/TP-ICAP/job/Tokyo/Trade-Management-Analyst_R4134/apply, Trade Management Analyst (Japan - Akasaka Minato-ku - Tokyo)
Freudenberg,Tailor-made emission-neutral energy systems for sustainable heavy-duty e-mobility.,https://www.freudenberg.com,https://www.linkedin.com/company/freudenberg-group/,https://www.freudenberg.com/en/careers/why-freudenberg,https://freudenberg.wd3.myworkdayjobs.com/freudenberg-group,https://freudenberg.wd3.myworkdayjobs.com/freudenberg-group/job/Saudi-Arabia---Remote/FHCS-Merchandiser-Khamis-Mushait_R_00089929/apply, FHCS Merchandiser Khamis Mushait Saudi Arabia-Remote, https://freudenberg.wd3.myworkdayjobs.com/freudenberg-group/job/Jess-Mara/Maintenance-Technician-VITECHMEX_R_00090431, Maintenance Technician VITECHMEX (Jesus Maria), https://freudenberg.wd3.myworkdayjobs.com/freudenberg-group/job/Pasadena-TX/Assembler_R_00090376, Assembler (Pasadena-TX)
TÜV SÜD America,Enabling safer technology to protect the environment and ensure a sustainable future.,https://www.tuvsud.com,https://www.linkedin.com/company/tuvsud,https://www.tuvsud.com/en-us/careers,https://www.indeed.com/q-t%C3%BCv-s%C3%BCd-america-jobs.html, https://www.indeed.com/q-t%C3%BCv-s%C3%BCd-america-jobs.html?vjk=307de255c8135f7e, Junior EMC Engineer-Alpharetta GA, https://www.indeed.com/q-t%C3%BCv-s%C3%BCd-america-jobs.html?vjk=52879a2db21369fe, Junior Product Safety Engineer Alpharetta GA, https://www.indeed.com/q-t%C3%BCv-s%C3%BCd-america-jobs.html?vjk=8508515373558311, Field Evaluation Engineer Hazardous Locations (Remote)
Wartsila,Innovative tech and services advancing global decarbonization and sustainability.,https://www.wartsila.com,https://www.linkedin.com/company/wartsila,https://www.wartsila.com/careers,https://www.wartsila.com/careers,,,,,,
AFRY Management Consulting,"Accelerating sustainable change across energy, bioindustry, infrastructure, and mobility globally.",https://afry.com,https://www.linkedin.com/company/afry,https://afry.com/en/join-us/get-know-us/careers-afry-management-consulting,https://www.linkedin.com/company/afry/jobs,https://ch.linkedin.com/jobs/view/einstieg-als-projektingenieur-in-wasserkraft-und-tragwerksplanung-80-100%25-z%C3%BCrich-at-afry-4214752692?refId=wjqmMQENvCAJ5C%2Fo5Fjh%2BA%3D%3D&trackingId=JGKm80OGlvLuqLQcfa7UYw%3D%3D,Einstieg als Projektingenieur:in Wasserkraft und Tragwerksplanung 80-100% - Zürich — ,https://de.linkedin.com/jobs/view/bauzeichner-in-konstrukteur-in-schwerpunkt-siedlungswasserwirtschaft-mensch-at-afry-4157792533?refId=wjqmMQENvCAJ5C%2Fo5Fjh%2BA%3D%3D&trackingId=caa3N1ChXVKM4s8ffipEPA%3D%3D,Bauzeichner:in / Konstrukteur:in - Schwerpunkt Siedlungswasserwirtschaft (Mensch*) — ,https://nl.linkedin.com/jobs/view/lead-principal-senior-electrical-automation-and-instrumentation-engineer-at-afry-4157303881?refId=wjqmMQENvCAJ5C%2Fo5Fjh%2BA%3D%3D&trackingId=tMEm%2FV73Vd%2B2007EKF9m%2Bg%3D%3D,Lead (Principal/Senior) Electrical-Automation and Instrumentation Engineer — 
Samsara Eco,"Innovative enzymatic tech enables endless recycling of plastics, reducing waste and conserving resources.",https://www.samsaraeco.com,https://au.linkedin.com/company/samsara-eco,https://www.samsaraeco.com/work-with-us/,https://www.samsaraeco.com/work-with-us/,,,,,,
Aerobotics,Optimizing crop performance globally with aerial imagery to enhance farming sustainability.,https://aerobotics.com,https://www.linkedin.com/company/aerobotics,https://aerobotics.com/careers,https://aerobotics.bamboohr.com/careers/70,,,,,,
Aggreko,Innovative energy solutions reducing environmental impact globally.,https://www.aggreko.com,https://uk.linkedin.com/company/aggreko,https://careers.aggreko.com/na/en-us,https://aggreko.wd3.myworkdayjobs.com/en-US/Aggreko_Careers_1, https://aggreko.wd3.myworkdayjobs.com/Aggreko_Careers_1/job/Dubai-UAE/Audit-Associate_JR16261, Audit Associate Dubai UAE, https://aggreko.wd3.myworkdayjobs.com/Aggreko_Careers_1/job/New-Iberia-LA/Afterhours-Logistics-Coordinator-2_JR17039, Afterhours Logistics Coordinator 2(New Iberia LA), https://aggreko.wd3.myworkdayjobs.com/Aggreko_Careers_1/job/Mexico-City/Tecnico-III_JR16217-2, Tecnico III Mexico city
Aliaxis,Supporting water and clean energy with innovative pipes and fittings,https://aliaxis.com,https://be.linkedin.com/company/aliaxis,https://aliaxis.com/careers/,https://aliaxis.wd3.myworkdayjobs.com/Aliaxis_APAC,https://aliaxis.wd3.myworkdayjobs.com/Aliaxis_APAC/job/AUS-QLD---Toowoomba/Drain-Coil-Extrusion-Operator_R-48970, Extrusion Operator AUS QLD - Toowoomba, https://aliaxis.wd3.myworkdayjobs.com/Aliaxis_APAC/job/AUS-VIC---Derrimut/Shift-Supervisor_R-52652-1, Shift Team Leader(AUS VIC - Derrimut), https://aliaxis.wd3.myworkdayjobs.com/Aliaxis_APAC/job/NZL-Auckland---32-Mahia-Road-Manurewa/Raw-Materials-Store-Person_R-51221, Raw Materials Store person NZL Auckland - 32 Mahia Road Manurew
Tomra,"Advanced systems optimizing resource recovery for a circular, waste-minimized economy.",https://www.tomra.com,https://www.linkedin.com/company/tomra,https://www.tomra.com/careers/vacant-positions,https://careers.smartrecruiters.com/Tomra,,,,,,
BlueLayer,"Empowering carbon project developers to drive removal, protect nature, and restore ecosystems efficiently.",https://bluelayer.com,https://de.linkedin.com/company/getbluelayer,https://www.blueally.com/careers/,https://jobs.pointnine.com/companies/bluelayer,,,,,,
Envelio,"Combat air pollution for a cleaner, healthier planet.",https://us.envelio.com,https://www.linkedin.com/company/envelioinc,https://envelio.com/career,https://envelio.jobs.personio.de/?language=en,https://envelio.jobs.personio.de/job/2172484?language=en,Project Engineer - Data Integration (all genders) - Permanent employee-Full-timeÂ·Cologne / Remote from GermanyÂ Cologne / Remote from Germany,https://envelio.jobs.personio.de/job/1577978?language=en,Team Lead Customer Data Integration (all genders) - Permanent employeeFull-timeÂ Cologne / Remote from GermanyÂ Cologne / Remote from Germany,https://envelio.jobs.personio.de/job/1116800?language=en,Backend Engineer Electrical Engineering (all genders) - Permanent employee-Full or part-timeÂ·Cologne / Remote from Germany Spain (Barcelona)Â·Cologne / Remote from Germany Spain (Barcelona)
ONYX Insight,"Predictive analytics to optimize wind energy, boosting production and minimizing downtime globally.",https://onyxinsight.com,https://uk.linkedin.com/company/onyx-insight,https://www.onyxsi.com/careers/,https://onyxinsight.com/company/current-opportunities/,,,,,,
Agreena,Minting carbon credits to incentivize regenerative farming for a greener future.,https://agreena.com,https://www.linkedin.com/company/agreena/,https://careers.agreena.com/,https://jobs.lever.co/agreena,,,,,,
Ofload,Optimizing freight to reduce emissions and create sustainable supply chains across Australia.,https://www.ofload.com.au,https://au.linkedin.com/company/ofload,https://www.ofload.com.au/careers,https://jobs.workable.com/company/ke2LwaW7ukZbtXb3T4bXXL/jobs-at-ofload,https://jobs.workable.com/view/vWbQ5zFjMVwi83teuUVJa9/hybrid-software-engineer-in-sydney-at-ofload,Software Engineer,https://jobs.workable.com/view/8f71HxJAnKYJf9t6qBktuF/hybrid-sales-operations-specialist-in-sydney-at-ofload,Sales Operations Specialist,https://jobs.workable.com/view/rHJLeN63uXzf9mauYfnxKa/hybrid-growth-%26-customer-success-manager-in-melbourne-at-ofload,Growth & Customer Success Manager
Enlight Renewable Energy,"Scaling global solar, wind, and energy storage for a sustainable future.",https://enlightenergy.co.il,https://il.linkedin.com/company/enlight-renewable-energy-ltd-enlt-,https://enlightenergy.co.il/data/job-openings/,https://www.linkedin.com/jobs/enlight-renewable-energy-ltd-%28enlt%29-jobs-worldwide?f_C=9025493&trk=top-card_top-card-primary-button-top-card-primary-cta,https://pl.linkedin.com/jobs/view/project-engineer-europe-at-enlight-renewable-energy-ltd-enlt-4218628040?position=1&pageNum=0&refId=HEW%2FAsuiFebm8WqGeB8uRA%3D%3D&trackingId=qtn4O10G0DeRyd9MLqPhtw%3D%3D,Project Engineer - Europe,https://es.linkedin.com/jobs/view/project-manager-construction-renewable-energy-at-enlight-renewable-energy-ltd-enlt-4281645263?position=2&pageNum=0&refId=HEW%2FAsuiFebm8WqGeB8uRA%3D%3D&trackingId=eP8VZfSpymcWu787WtRCXA%3D%3D,"Project Manager (Construction-Renewable Energy) ,https://il.linkedin.com/jobs/view/financial-controller-at-enlight-renewable-energy-ltd-enlt-4279377840?position=3&pageNum=0&refId=HEW%2FAsuiFebm8WqGeB8uRA%3D%3D&trackingId=QQX6ZGoyxVFQk1BvHsxwWw%3D%3D,Financial Controller — Enlight",,
Xpeng Motors,"Pioneering intelligent EVs and eVTOLs for a sustainable, eco-friendly future.",https://www.xpeng.com,https://www.linkedin.com/company/xpengmotorsglobal,https://www.xpeng.com/join-us,http://job-boards.greenhouse.io/xpengmotors,,,,,,
Raylo,"Empowering circular economy with sustainable, affordable lease-and-reuse of consumer goods.",https://www.raylo.com,https://uk.linkedin.com/company/raylo,https://www.raylo.com/careers,https://www.raylo.com/careers,,,,,,
BackMarket,"Marketplace for restored gadgets, reducing e-waste and promoting sustainable tech consumption.",https://www.backmarket.com,https://www.linkedin.com/company/back-market,https://www.backmarket.com/en-us/careers/home?srsltid=AfmBOoovSBxIfSLeEEeF1kjOX8vuN4rZDM_05nLV5u9p7XkC2UlPuqDB,https://jobs.lever.co/backmarket,,,,,,
Protera,"Cutting-edge protein tech for sustainable, nutritious food and reduced environmental impact.",https://www.protera.com,https://www.linkedin.com/company/protera,https://www.protera.com/sap/careers,https://jobs.workable.com/company/63e56c6a319c852ea859a9d3/jobs-at-protera,,,,,,
Stora Enso,"Innovative, renewable solutions for paper, biomaterials, and packaging, reducing carbon footprint globally.",https://www.storaenso.com,https://www.linkedin.com/company/stora-enso,https://www.storaenso.com/en/careers/open-positions,https://storaenso.wd3.myworkdayjobs.com/Stora_Enso_site_opportunities, https://storaenso.wd3.myworkdayjobs.com/Stora_Enso_site_opportunities/job/Ostrava/Data-Engineer_JR109467-1, Data Engineer Ostrava, https://storaenso.wd3.myworkdayjobs.com/Stora_Enso_site_opportunities/job/Beihai-City/Bale-Line-operator_JR109569, Bale Line Operator China, https://storaenso.wd3.myworkdayjobs.com/Stora_Enso_site_opportunities/job/Sveg/Virkeskpare-till-Hrjedalen-sdra-Jmtland--Stora-Enso-Skog_JR109564-1, Virkesköpare till Härjedalen/södra Jämtland Stora Enso Skog(sveg Sweden)
Memodo,Empowering sustainable energy solutions with a comprehensive range of solar and storage systems.,https://www.memodo-shop.com,https://www.linkedin.com/company/memodo-pl/,https://www.memodo-shop.com/m/company/jobs/,https://www.linkedin.com/jobs/memodo-gmbh-jobs-worldwide,https://de.linkedin.com/jobs/view/senior-accountant-m-w-d-at-memodo-gmbh-4270378509?position=1&pageNum=0&refId=8%2FQT7qIT%2BXr795OXcTGg%2Bg%3D%3D&trackingId=rBu2euKVBKT4oQ5Tn%2BCnmg%3D%3D,(Senior) Accountant (m/w/d) ,https://de.linkedin.com/jobs/view/senior-accountant-m-w-d-at-memodo-gmbh-4272812004?position=2&pageNum=0&refId=8%2FQT7qIT%2BXr795OXcTGg%2Bg%3D%3D&trackingId=Z9%2FEVS1dRDltGXzT6GmydA%3D%3D,(Senior) Accountant (m/w/d)(40 Std./Woche),https://www.linkedin.com/jobs/view/sales-manager-in-kundenakquise-at-memodo-gmbh-4176319265?position=3&pageNum=0&refId=8%2FQT7qIT%2BXr795OXcTGg%2Bg%3D%3D&trackingId=OstVJniSJKwG1QUS8tKCtQ%3D%3D,Sales Manager*in Kundenakquise
Climate X,"Evaluate your organization's climate risk with comprehensive, integrated physical risk insights.",https://www.climate-x.com,https://uk.linkedin.com/company/climate-x,https://www.climate-x.com/careers,https://boards.greenhouse.io/climatex/jobs/4528910101,,,,,,
Scatec Solar,"Delivering affordable, sustainable solar power worldwide with a 600 MW installation track record.",https://scatec.com,https://www.linkedin.com/company/scatec/,https://scatec.com/work-with-us/working-in-scatec/,https://www.linkedin.com/jobs/scatec-asa-jobs-worldwide,https://bw.linkedin.com/jobs/view/general-service-team-gst-at-scatec-asa-4276986866?position=1&pageNum=0&refId=5Px3YwdGrBCCcGvOr9KGug%3D%3D&trackingId=kiZbhXjy1tbU%2FQ1xQ2ha%2FQ%3D%3D,General Service Team (GST),https://eg.linkedin.com/jobs/view/accountant-at-scatec-asa-4277657794?position=2&pageNum=0&refId=5Px3YwdGrBCCcGvOr9KGug%3D%3D&trackingId=%2BCcHuKo9y%2FIBvsyZvtLKNQ%3D%3D,Accountant ,https://pk.linkedin.com/jobs/view/financial-analyst-at-scatec-asa-4275260387?position=3&pageNum=0&refId=5Px3YwdGrBCCcGvOr9KGug%3D%3D&trackingId=4bfnwSrEkP%2BmcG8dw6EP%2BA%3D%3D,Financial Analyst
Centrica Energy,"Driving global green energy transition with sustainable, predictable energy trading.",https://www.centrica.com,https://uk.linkedin.com/company/centricaenergy,https://centricaenergy.com/careers/,https://centrica.wd3.myworkdayjobs.com/Centrica, https://centrica.wd3.myworkdayjobs.com/Centrica/job/Dublin/Operations-Coordinator---Installations_R0075983, Operations Coordinator - Installations(IE - Dublin - Warrington Plc), https://centrica.wd3.myworkdayjobs.com/Centrica/job/Windsor/Senior-Software-Engineering-Manager_R0072526-1, Senior software engineer manager(UK - Windsor - Millstream), https://centrica.wd3.myworkdayjobs.com/Centrica/job/Windsor/Senior-Software-Engineering-Manager--Centrica-Products-_R0074101-1, Senior Software Engineering Manager (Mobile Products) UK - Windsor - Millstream
Enpal,"Powering Europe's renewable future with flexible, hassle-free solar solutions. Join the green energy revolution.",https://www.enpal.com,https://www.linkedin.com/company/enpal/,https://www.jobs.enpal.com/,https://careers.smartrecruiters.com/EnpalBV,,,,,,
ProVeg International,Transforming global food systems to plant-based alternatives for a sustainable future.,https://proveg.com,https://www.linkedin.com/company/proveginternational/,https://proveg.jobs.personio.de/?language=en,https://proveg.jobs.personio.de/?language=en,https://proveg.jobs.personio.de/job/2272299?language=en,Assistente de Projetos de AlimentaÃ§Ã£o e NutriÃ§Ã£o - Temporary-Part-timeÂ·Brazil Remote-Brazil BelÃ©m (PA) BrasiliaÂ·Brazil Remote-Brazil BelÃ©m (PA) Brasilia,https://proveg.jobs.personio.de/job/2281380?language=en,Chamada para seleÃ§Ã£o de propostas pesquisa cientÃ­fica-Desmatamento e sistemas alimentares no Brasil - Temporary-Full or part-timeÂ·Brazil RemoteÂ·Brazil Remote,https://proveg.jobs.personio.de/job/1673345?language=en,Public Policy Manager ProVeg Brazil - Permanent employee-Full-timeÂ·Brazil RemoteÂ·Brazil Remote
Renewable Energy Systems,Driving global clean energy with 22 GW new capacity in next five years.,https://www.res-group.com,https://uk.linkedin.com/company/res-group,https://www.res-group.com/us/careers/,https://jobs.jobvite.com/resgroup,,,,,,
CDP Global,Global environmental disclosure leader empowering organizations with rich data for sustainable impact and innovation.,https://www.cdp.net,https://uk.linkedin.com/company/cdp-worldwide,https://www.cdp.net/en/careers,https://cdpworldwide.teamtailor.com/jobs,https://cdpworldwide.teamtailor.com/jobs/6262802-customer-success-account-manager-disclosure-services-apac,Customer Success Account Manager Disclosure Se... - Customer Success · CDP Worldwide (Hong Kong) Ltd · Hybrid,https://cdpworldwide.teamtailor.com/jobs/6247528-global-people-systems-and-data-manager,Global People Systems and Data Manager - People and Workplace Experience · CDP Global - London · Hybrid,https://cdpworldwide.teamtailor.com/jobs/6243083-senior-manager-data-governance,Senior Manager- Data Governance - Product · CDP Global - London · Hybrid
GreenFlux,Empowering e-mobility networks to accelerate sustainable transportation.,https://www.greenflux.com,https://ci.linkedin.com/company/greenflux?trk=products_seo_search,,https://www.greenflux.com/careers/,,,,,,
Navvis,Transforming physical spaces into digital twins for enhanced productivity and sustainability.,https://www.navvis.com,https://www.linkedin.com/company/navvis,https://www.navvis.com/company/careers,https://boards.eu.greenhouse.io/navvis/jobs/4187062101,,,,,,
Gropyus,"Innovative tech for truly sustainable, affordable, and resource-conserving buildings.",https://www.gropyus.com,https://at.linkedin.com/company/gropyus,https://www.gropyus.com/careers,https://job-boards.eu.greenhouse.io/gropyus/jobs/4221230101,,,,,,
Enter,Optimize home energy efficiency with tailored upgrades and maximize savings and subsidies.,https://www.enter-world.com,https://www.linkedin.com/company/enter.works,https://www.careeronestop.org/,https://jobs.workable.com/,https://jobs.workable.com/view/6rfHsyyVLXG3uziHY282ft/business-development-executive-(field-sales)-%7C-bengaluru-in-bengaluru-at-apna,Business Development Executive (Field Sales) | Bengaluru,https://jobs.workable.com/view/6U18z753G8cR2nTrEKyZDP/remote-senior-outsystems-developer-in-india-at-blackstone-eit,Senior Outsystems Developer,https://jobs.workable.com/view/qvuoUU4Huzvrfnh9fi9pPV/business-development-executive-(field-sales)-%7C-chennai-in-chennai-at-apna,Business Development Executive (Field Sales) | Chennai
Pioneer Transformers,Custom liquid-filled transformers designed for energy-efficient and sustainable electrical solutions.,https://pioneertransformers.com,https://www.linkedin.com/company/pioneer-transformer-co,https://pioneertransformers.com/careers/,https://pioneertransformers.com/careers/,,,,,,
International Council on Clean Transportation,Advancing eco-friendly and energy-efficient transport for a healthier planet.,https://theicct.org,https://www.linkedin.com/company/the-international-council-on-clean-transportation,,https://www.linkedin.com/jobs/the-international-council-on-clean-transportation-jobs, https://www.linkedin.com/jobs/view/contracting-and-regranting-manager-at-the-international-council-on-clean-transportation-4278662028?position=1&pageNum=0&refId=vDvkjGRFWL4ubm%2FrGWo9gw%3D%3D&trackingId=Kw6S%2BwavxTfPEvLOa7WyPQ%3D%3D, Contracting and Regranting Manager ,https://www.linkedin.com/jobs/view/manager-airport-contracts-remote-work-assignment-available-at-frontier-airlines-4226398856?position=2&pageNum=0&refId=vDvkjGRFWL4ubm%2FrGWo9gw%3D%3D&trackingId=Vb%2BY45GzwMvhEFdybRYtyw%3D%3D,Manager-Airport Contracts (Remote Work Assignment Available),https://www.linkedin.com/jobs/view/sr-director-director-customer-experience-at-frontier-airlines-4280945923?position=3&pageNum=0&refId=vDvkjGRFWL4ubm%2FrGWo9gw%3D%3D&trackingId=ONhItayzhiqQpibOkS6FyA%3D%3D, Sr-Director/Director
BoxPower Inc.,"Modular microgrids delivering clean, reliable energy as a diesel generator alternative.",https://boxpower.io,https://www.linkedin.com/company/boxpower,,"https://www.ziprecruiter.com/co/Boxpower/Jobs/-in-Grass-Valley,CA",,,,,,
Global Energy Monitor,Empowering sustainable energy with open-access data on global infrastructure and resources.,https://globalenergymonitor.org,https://www.linkedin.com/company/global-energy-monitor,,https://www.indeed.com/q-global-energy-monitor-jobs.html,,,,,,
World Resources Institute,"Driving sustainable solutions for climate, energy, water, and more to secure a sustainable future.",https://www.wri.org,https://www.linkedin.com/company/world-resources-institute,https://www.wri.org/join-us,https://jobs.jobvite.com/wri,,,,,,
Everlight Solar,"Hassle-free, affordable solar energy solutions with no upfront cost for homeowners.",https://everlightsolar.com,https://www.linkedin.com/company/everlight-solar,https://everlightsolar.com/jobs/,https://everlightsolar.com/jobs/,,,,,,
Serve Robotics,"Zero-emissions robots revolutionizing sustainable, self-driving food delivery.",https://www.serverobotics.com,https://www.linkedin.com/company/serverobotics,,https://www.serverobotics.com/careers,,,,,,
Common Energy,Switch to clean energy and reduce your carbon footprint in minutes.,https://www.commonenergy.us,https://www.linkedin.com/company/common-energy,https://www.commonenergy.us/careers,https://jobs.workable.com/company/qkGsitUrVaRVUxXz3oMH3G/jobs-at-common-energy,https://jobs.workable.com/view/mCgymXkBx83EYTAHVgAM92/remote-director-of-community-engagement---illinois-in-greater-chicago-area-at-common-energy,Director of Community Engagement - Illinois,https://jobs.workable.com/view/q7ynqQJdsVY9JYjB1iT6Zu/remote-director-of-community-engagement---maryland-in-baltimore-at-common-energy,Director of Community Engagement - Maryland,,
Scout Motors,Reimagining iconic American SUVs as next-gen all-electric trucks for a sustainable future.,https://www.scoutmotors.com,https://www.linkedin.com/company/scoutmotors,https://www.scoutmotors.com/careers,https://www.scoutmotors.com/careers,,,,,,
Re:Build Manufacturing,Revitalizing U.S. manufacturing with cutting-edge tech for a sustainable future.,https://rebuildmanufacturing.com,https://www.linkedin.com/company/re-build-manufacturing,https://rebuildmanufacturing.com/careers/,https://job-boards.greenhouse.io/rebuildmanufacturing/jobs/4279418005,,,,,,
Via Transporation,"Transforming global transport systems into efficient, affordable, and sustainable networks with cutting-edge software.",https://ridewithvia.com,https://www.linkedin.com/company/ridewithvia,https://ridewithvia.com/careers/jobs,http://job-boards.greenhouse.io/via,,,,,,
Lucid Motors,Innovative electric vehicles redefining sustainable mobility and elevating the driving experience.,https://lucidmotors.com,https://www.linkedin.com/company/lucidmotors,,https://lucidmotors.com/careers,,,,,,
Outrider,Automating yard operations with zero-emission systems for sustainable freight transportation.,https://outriders.square-enix-games.com,https://www.linkedin.com/company/outridertech,https://www.outrider.ai/careers/,http://job-boards.greenhouse.io/outrider,,,,,,
Base Power Company,Revolutionizing home energy with distributed batteries for grid support and outage protection at low cost.,https://www.basepowercompany.com,https://www.linkedin.com/company/basepowercompany,https://www.basepowercompany.com/careers,https://www.basepowercompany.com/careers,,,,,,
Greenlight Biosciences,"Nature-powered, eco-friendly crop protection solutions for sustainable agriculture.",https://www.greenlightbiosciences.com,https://www.linkedin.com/company/greenlight-biosciences,https://www.greenlightbiosciences.com/careers,https://www.greenlightbiosciences.com/careers,,,,,,
GoodLeap,Democratizing sustainable home upgrades with $27 billion in financing and AI-driven tools since 2018.,https://www.goodleap.com,https://www.linkedin.com/company/goodleap,https://www.goodleap.com/careers,https://jobs.lever.co/goodleap,https://jobs.lever.co/goodleap/2e564ded-ed17-4f27-b02d-18ef88eb5566,Application Support Operations AnalystRemote —Full TimeRemote- US,https://jobs.lever.co/goodleap/c7db76cf-9485-4a2a-8254-c20bf870e121,Salesforce DeveloperRemote —Full TimeRemote US / Roseville CA - HQ / San Mateo CA / San Francisco CA / Irvine CA / Plano TX / Lehi UT / Remote,https://jobs.lever.co/goodleap/48b7a6ee-d738-4dc2-907d-032dfcc62f0c,Salesforce Solution AnalystRemote —Full TimeRoseville CA - HQ / San Mateo CA / San Francisco CA / Irvine CA / Plano TX / Lehi UT / Remote US
AiDash,Climate-resilient infrastructure with satellite-powered AI for sustainability and cost efficiency.,https://www.aidash.com,https://www.linkedin.com/company/aidash,https://www.aidash.com/careers/,https://jobs.lever.co/aidash,https://jobs.lever.co/aidash/cca463a3-4c94-4d28-b76a-153ca160d410,Technical Project Manager-Hybrid —Full TimeBengaluru- India / Gurugram India,https://jobs.lever.co/aidash/4fbd0e96-08e7-41cb-b438-c45c0bf3e68d,Head of Professional ServicesHybrid —Full Time-Palo Alto California,https://jobs.lever.co/aidash/1050f19a-fbb2-46a4-92e2-4e646fb18872,Software Development Engineer I - iOSHybrid —Full Time-Bengaluru India
Plus,"AI-powered autonomous driving for a safer, greener world.",https://www.disneyplus.com,https://www.linkedin.com/company/plusai,https://pluspr.com/plus-careers/,https://www.linkedin.com/jobs,,,,,,
Mainspring Energy,"Flexible, scalable energy systems accelerating the transition to a net-zero carbon grid.",https://www.mainspringenergy.com,https://www.linkedin.com/company/mainspringenergy,https://www.mainspringenergy.com/careers/,https://jobs.lever.co/mainspringenergy,https://jobs.lever.co/mainspringenergy/86a5f6a7-9e2d-4543-adff-1f1d7289be64,East Coast Director of Business Development Grid Side-Remote —SalaryMenlo Park CA,https://jobs.lever.co/mainspringenergy/df4d8716-7336-4407-ae00-facf96bdd5d7,Senior Technical Program ManagerHybrid —Salary-Menlo Park CA,https://jobs.lever.co/mainspringenergy/1d576f8c-2f11-4e06-a5b2-bfa0c22f60cd,Staff Technical Program ManagerOn-site —SalaryMenlo Park CA
Climate Power,"Historic clean energy investment cuts costs, creates jobs, and protects our planet.",https://climatepower.us,https://www.linkedin.com/company/climate-power,https://climatepower.us/about/jobs/,https://jobs.lever.co/climatepower,https://jobs.lever.co/climatepower/f38aa3d8-b212-4284-8a2a-c7393c74c22b,Director of Broadcast CommunicationsRemote —Full TimeWashington DC,https://jobs.lever.co/climatepower/453432df-5604-4234-887e-86f4fbbd0813,Chief Program OfficerRemote —Full TimeWashington DC,https://jobs.lever.co/climatepower/cb90afcf-7779-4441-aebe-416a1932e0e5,Executive DirectorRemote —Full TimeWashington DC
Intersect Power,"Scalable low-carbon solutions for retail and wholesale energy markets, offering clean electricity and fuels.",https://www.intersectpower.com,https://www.linkedin.com/company/intersect-power,https://jobs.lever.co/intersectpower,https://jobs.lever.co/intersectpower,https://jobs.lever.co/intersectpower/d91b3333-44a8-4231-b6ff-5f847542a470,Project Manager Solar ConstructionRemote —Full-time remote-United States,https://jobs.lever.co/intersectpower/2b197f8a-e72f-43f1-bb64-3ad08c7e12c8,Project Finance Team Member-Remote —Full-time United States / Canada,https://jobs.lever.co/intersectpower/d80395ee-07e8-4580-be37-bbf5cac11315,General Ledger AccountantRemote —Full-time remote-United States
Universal Engineering Sciences,Innovative engineering for sustainable infrastructure and environmental solutions nationwide.,https://www.teamues.com,https://www.linkedin.com/company/teamues,https://careers.teamues.com/,https://www.indeed.com/q-universal-engineering-sciences-jobs.html, https://www.indeed.com/q-universal-engineering-sciences-jobs.html?vjk=0806e49891916d10, Forensic Engineer-Gainesville-FL 32607-Remote, https://www.indeed.com/q-universal-engineering-sciences-jobs.html?vjk=e779d7748218e687, CAD Drafter-1955 Vaughn Rd NW Ste 101- Kennesaw- GA 30144, https://www.indeed.com/q-universal-engineering-sciences-jobs.html?vjk=fd3458351a4fdb72, Staff engineer-1748 Independence Boulevard-Sarasota-FL 34234
Freedom Solar Power,"Leading, cost-effective solar solutions reducing carbon footprint in Texas, Colorado, Florida, Virginia, and North Carolina.",https://freedomsolarpower.com,https://www.linkedin.com/company/freedom-solar,https://freedomsolarpower.com/careers,https://jobs.lever.co/freedomsolarpower,https://jobs.lever.co/freedomsolarpower/f7cb4d8f-7442-4123-8455-04f2ff612920,Commercial Licensed Journeyman ElectricianOn-site —Full-TimeAustin TX,https://jobs.lever.co/freedomsolarpower/c1bec968-33d2-4f7f-9b84-1f016696cf76,Benefits and Payroll CoordinatorOn-site —Full-TimeAustin TX,https://jobs.lever.co/freedomsolarpower/0adb646c-98f2-4033-8f44-9c2f74458a23,Solar Service CoordinatorOn-site —Full-TimeAustin TX
Energy Solutions,Innovative consulting firm delivering market-based energy solutions for environmental impact.,https://energy-solution.com,https://www.linkedin.com/company/energy-solutions,https://energy-solution.com/careers/,https://job-boards.greenhouse.io/energysolutions/jobs/4721963007,,,,,,
Clearloop,Transforming U.S. communities with clean energy and new solar projects for maximum environmental impact.,https://clearloop.us,https://www.linkedin.com/company/clearloop-us,https://clearloop.us/careers/,https://apply.workable.com/clearloop/?lng=en,,,,,,
Hayden AI,"AI-driven solutions for safer, faster transit and sustainable urban development.",https://hayden.ai,https://www.linkedin.com/company/haydenaitech,https://hayden.ai/careers,https://www.linkedin.com/company/haydenaitech/jobs,https://www.linkedin.com/jobs/view/executive-assistant-to-the-ceo-at-hayden-ai-4281934303?refId=LYeUZVSSTHSIfoQ6E22LpQ%3D%3D&trackingId=HWso3u8%2BBsIaOZfV0zzchg%3D%3D,Executive Assistant to the CEO — ,https://www.linkedin.com/jobs/view/software-engineer-edge-applications-at-hayden-ai-4277402204?refId=LYeUZVSSTHSIfoQ6E22LpQ%3D%3D&trackingId=cxdJEszfWs1B47QzRHMkuw%3D%3D,"Software Engineer, Edge Applications — ",https://www.linkedin.com/jobs/view/staff-software-engineer-pilots-at-hayden-ai-4268689460?refId=LYeUZVSSTHSIfoQ6E22LpQ%3D%3D&trackingId=1pGtfcqI3hrY9aRDaxJkVQ%3D%3D,Staff Software Engineer-Pilots — 
Too Good To Go,"Reduce food waste and save surplus food with our convenient, planet-friendly app.",https://www.toogoodtogo.com,https://www.linkedin.com/company/too-good-to-go,https://www.toogoodtogo.com/en-us/careers,https://www.toogoodtogo.com/en-us/careers,,,,,,
Ramboll Management Consulting,Driving decarbonization and sustainable business models across global markets.,https://www.ramboll.com,https://www.linkedin.com/company/ramboll-management-consulting,https://www.ramboll.com/careers,https://www.ziprecruiter.com/co/ramboll/Jobs/Managing-Consultant/--in-California,,,,,,
AECOM,Building sustainable legacies through innovative infrastructure and environmental solutions.,https://aecom.com,https://www.linkedin.com/company/aecom,https://aecom.com/careers/,https://careers.smartrecruiters.com/AECOM2/internal-mobility,,,,,,
EngSoc,Top 10 global leader advancing UN Sustainable Development Goals through research and innovation.,https://www.engsoc.uwaterloo.ca,https://au.linkedin.com/company/unsw-engineering-society,https://breezy.engsoc.queensu.ca/?department=Communications,https://www.engsoc.queensu.ca/news/category/jobs-applications/,,,,,,
Republic Services,Committed to sustainable waste management for a greener future.,https://www.republicservices.com,https://www.linkedin.com/company/republic-services-inc,https://jobs.republicservices.com/us/en/,https://jobs.republicservices.com/us/en/,,,,,,
Sightline Climate (CTVC),Data-driven platform empowering investment and innovation in the new climate economy,https://www.ctvc.co,https://www.linkedin.com/company/ctvc,,https://www.linkedin.com/posts/green-jobs-network_sightline-climate-careers-activity-7204609209210961920-UeJb,,,,,,
Pano AI,Revolutionizing disaster management for climate resilience with AI-powered wildfire detection.,https://www.pano.ai,https://www.linkedin.com/company/pano-ai,https://www.pano.ai/join-us,https://jobs.lever.co/pano,https://jobs.lever.co/pano/756da3a0-0566-45f8-be24-05b0296fc956,Customer Success ManagerRemote —Full-Time RemoteSan Francisco California,https://jobs.lever.co/pano/1a39b6da-fe35-44f5-bfe2-ae606c17dd03,Director Customer Success and Community EngagementHybrid —Full-TimeSan Francisco California,https://jobs.lever.co/pano/b0f236df-4080-45e0-9510-92d1f96a9d77,Director AI / PerceptionRemote —Full-Time RemoteSan Francisco California
Unirac,Driving solar energy adoption with top-tier PV mounting systems and unmatched expertise.,https://unirac.com,https://www.linkedin.com/company/unirac-inc-,https://unirac.com/careers/,https://unirac.com/careers/,,,,,,
Oklo,"Oklo's mission is to provide clean, reliable, affordable energy through the deployment of next-generation fast fission technology and recycling nuclear waste.",https://www.oklo.com,https://www.linkedin.com/company/oklo,https://oklo.com/careers/,https://job-boards.greenhouse.io/oklo/jobs/5404541004,,,,,,
Trek Bicycle Corp (Australia),Empowering diverse teams to revolutionize cycling for a sustainable future.,https://www.trekbikes.com,https://www.linkedin.com/company/trekbikes,,https://trekbikes.wd1.myworkdayjobs.com/TREK, https://trekbikes.wd1.myworkdayjobs.com/TREK/job/Canberra-ACT-Australia/Trek-Bicycle---Multiple-Positions_Trek101110, Trek Australia - Expressions of Interest Canberra ACT australia, https://trekbikes.wd1.myworkdayjobs.com/TREK/job/Berlin-Adlershof-Germany/Mitarbeiter-fr-den-Bikeshop-in-Berlin-Adlershof--all-genders-_Trek112853, Mitarbeiter für den Bikeshop in Berlin Adlershof (all genders)Trek Store Berlin Adlershof, https://trekbikes.wd1.myworkdayjobs.com/TREK/job/Goleta-California/Sales-Associate---Part-Time_Trek109934-1, Sales Associate - Part Time- Goleta California
Equilibrium Energy,Accelerating clean energy with data-driven solutions to significantly reduce global carbon emissions.,https://www.equilibriumenergy.com,https://www.linkedin.com/company/equilibrium-energy-inc,https://www.equilibriumenergy.com/careers,https://www.equilibriumenergy.com/careers,,,,,,
Iberdrola,Accelerating America's clean energy transition with sustainable power and industry-leading ethical practices.,https://www.iberdrola.com,https://www.linkedin.com/company/iberdrola/,https://www.iberdrola.com/careers,https://iberdrola.wd3.myworkdayjobs.com/Iberdrola, https://iberdrola.wd3.myworkdayjobs.com/Iberdrola/job/Brazil-Atibaia/Agente-de-Faturamento--Vaga-Exclusiva-Para-Pessoas-com-Deficincia-_R-20070, Agente de Faturamento (Vaga Exclusiva Para Pessoas com Deficiência)Brazil-Atibaia, https://iberdrola.wd3.myworkdayjobs.com/Iberdrola/job/Brazil-Recife/Banco-de-Talentos-para-Eletricistas---Neoenergia-Pernambuco_R-02154-1, Banco de Talentos para Eletricistas | Neoenergia Pernambuco-Brazil-Recife, https://iberdrola.wd3.myworkdayjobs.com/Iberdrola/job/Brazil-Natal/Banco-de-Talentos---Controlador-a--I--vaga-exclusiva-para-pessoas-com-deficincia-_R-07367, Banco de Talentos | Controlador(a) I (vaga exclusiva para pessoas com deficiência)-Brazil(natal)
EsVolta,Empowering the grid with large-scale battery energy storage to enhance sustainability.,https://www.esvolta.com,https://www.linkedin.com/company/esvolta-lp,https://www.esvolta.com/careers,https://www.esvolta.com/careers,,,,,,
Terracycle,"Transforming unrecyclable waste into eco-friendly products, from ocean plastics to playgrounds.",https://www.terracycle.com,https://www.linkedin.com/company/terracycle,https://www.terracycle.com/ko-KR/pages/2571?srsltid=AfmBOor_IvmyMsbonpzdwmHL1Nel8UiuosYS2MfqYQabzsiJOSshMm5a,https://www.terracycle.com/en-IE/pages/careers?srsltid=AfmBOopbIvCPMP5UbacSwEmKNxGNG8FrMQZjU8euZrllXRSoxcixuXPV,,,,,,
Electric Power Engineers,Enhancing grid reliability and resiliency for a sustainable energy future.,https://epeconsulting.com,https://www.linkedin.com/company/epeconsulting,,https://www.indeed.com/q-electric-power-engineers-jobs.html, https://careers-epeconsulting.icims.com/jobs/1797/principal-ui-sofware-engineer/job, Principal UI Software engineer-PA-Panama City, https://careers-epeconsulting.icims.com/jobs/1793/executive-assistant/job, Executive Assistant LocationUS-TX-Austin, https://careers-epeconsulting.icims.com/jobs/1791/billing-and-invoicing-specialist---accounts-receivable/job, Billing and Invoicing Specialist - Accounts Receivable LocationUS-TX-Austin
Institute for Energy Economics and Financial Analysis (IEEFA,Accelerating the transition to a sustainable and diverse energy economy.,https://ieefa.org,https://www.linkedin.com/company/institute-for-energy-economics-and-financial-analysis,https://ieefa.org/careers,https://ieefa.org/careers,,,,,,
C40 Cities,"Uniting 96 cities for bold climate action and a sustainable, healthier future.",https://www.c40.org,https://uk.linkedin.com/company/c40-cities-climate-leadership-group,https://www.c40.org/careers/,https://www.linkedin.com/jobs/c40-cities-jobs-worldwide,https://gh.linkedin.com/jobs/view/technical-advisor-c40-cities-finance-facility-cff-at-giz-ghana-3921143864?position=1&pageNum=0&refId=49QU7GV0J%2Be2fII7JWBjsA%3D%3D&trackingId=iqBXA%2F7SxIgV2fm%2BPu9fow%3D%3D,Technical Advisor (C40 Cities Finance Facility (CFF),https://za.linkedin.com/jobs/view/senior-just-transition-specialist-at-palladium-make-it-possible-4277694649?position=2&pageNum=0&refId=49QU7GV0J%2Be2fII7JWBjsA%3D%3D&trackingId=HyAa13hJjDJYfjVL2A7Tdg%3D%3D,Senior Just Transition Specialist,https://za.linkedin.com/jobs/view/senior-just-transition-specialist-at-palladium-make-it-possible-4277808088?position=3&pageNum=0&refId=49QU7GV0J%2Be2fII7JWBjsA%3D%3D&trackingId=%2FBb0zD3iqvlEfTeaect0lA%3D%3D,Senior Just Transition Specialist — The UK PACT (Partnering for Accelerated Climate Transitions) 
InductEV,"Revolutionizing commercial fleets with AI-driven, wireless power for a sustainable, carbon-reduced future.",https://www.inductev.com,https://www.linkedin.com/company/inductev-inc,https://www.inductev.com/careers,https://nxp.wd3.myworkdayjobs.com/careers, https://nxp.wd3.myworkdayjobs.com/careers/job/Chandler-Office/Senior-EPI-Equipment-Engineer_R-10057104-1, Senior EPI Equipment Engineer-chandler(office), https://nxp.wd3.myworkdayjobs.com/careers/job/Munich/Intern--f-m-d-----System-Function-Modeling_R-10059073, Intern (f/m/d) - System Function Modeling-Munich, https://nxp.wd3.myworkdayjobs.com/careers/job/Munich/Intern--f-m-d----Architecture-and-Enablement-System-Modeling_R-10059072, Intern (f/m/d) - Architecture and Enablement System Modeling-Munich
RoadRunner Recycling,"Revolutionizing sustainable waste management for businesses with tech-driven, cost-saving solutions.",https://www.roadrunnerwm.com,https://www.linkedin.com/company/roadrunner-modern-waste-and-recycling,https://www.roadrunnerwm.com/careers,https://job-boards.greenhouse.io/roadrunner,,,,,,
Encamp,Empowering businesses with tech for seamless environmental compliance and global reforestation.,https://encamp.com,https://www.linkedin.com/company/encamp,https://encamp.com/join-us/,https://encamp.com/join-us/,,,,,,
Karen Clark & Company,Innovative catastrophe risk modeling tools for climate resilience and disaster preparedness.,https://www.karenclarkandco.com,https://www.linkedin.com/company/karen-clark-and-company,https://www.karenclarkandco.com/careers,https://www.indeed.com/q-company:%22karen-clark-&-company%22-jobs.html,,,,,,
Climate Arc,Mainstreaming climate science in finance to accelerate capital for net-zero solutions.,https://climatearc.org,https://www.linkedin.com/company/climate-arc,https://jobs.workable.com/company/ogGp66n7pnJ1LPwzX4HRGr/jobs-at-climate-arc,https://jobs.workable.com/company/ogGp66n7pnJ1LPwzX4HRGr/jobs-at-climate-arc,https://jobs.workable.com/view/5cXk5kT3vJVR8knwGHgTFo/remote-data-engineer-(open-to-the-uk-and-europe)-in-united-kingdom-at-climate-arc,Data Engineer (open to the UK and Europe),https://jobs.workable.com/view/ifmcbHQm4QTuDsMjpRNjNb/hybrid-events-and-marketing-associate-in-london-at-climate-arc,Events and Marketing Associate,,
Resource Innovations,"Empowering communities with accessible, sustainable energy and water solutions.",https://www.resource-innovations.com,https://www.linkedin.com/company/resourceinnovations,https://www.resource-innovations.com/careers,https://jobs.workable.com/company/mCftjozGevas6msJvmjEBM/jobs-at-resource-innovations,https://jobs.workable.com/view/38eAZAKABTRxtJrVNvTDG8/remote-customer-service-and-rebate-processing-specialist-in-needham-at-resource-innovations,Customer Service and Rebate Processing Specialist,https://jobs.workable.com/view/jxEgyiDw4B2Y4tHwLZP1CV/remote-solution-delivery-lead-in-chicago-at-resource-innovations,Solution Delivery Lead,https://jobs.workable.com/view/nMEb2ATN7u48GjJM9HEjTg/remote-lead-java-and-data-integration-engineer-in-san-francisco-at-resource-innovations,Lead Java and Data Integration Engineer
Pine Gate Renewables,Driving the future with extensive solar and energy storage projects across the U.S.,https://pinegaterenewables.com,https://www.linkedin.com/company/pine-gate-renewables,http://job-boards.greenhouse.io/pinegaterenewables,http://job-boards.greenhouse.io/pinegaterenewables/jobs/6590889003,,,,,,
Redwood Materials,"Closed-loop, domestic lithium-ion battery supply chain using recycled batteries to reduce environmental impact.",https://www.redwoodmaterials.com,https://www.linkedin.com/company/redwood-materials,https://boards.greenhouse.io/embed/job_board?for=redwoodmaterials,https://boards.greenhouse.io/embed/job_board?for=redwoodmaterials,,,,,,
The EVERY Company,"Revolutionizing food with eco-friendly, animal-free proteins using significantly less land, water, and emissions.",https://every.com,https://www.linkedin.com/company/theeverycompany,http://job-boards.greenhouse.io/theeverycompany,https://jobs.workable.com/,https://jobs.workable.com/view/6rfHsyyVLXG3uziHY282ft/business-development-executive-(field-sales)-%7C-bengaluru-in-bengaluru-at-apna,Business Development Executive (Field Sales) | Bengaluru,https://jobs.workable.com/view/6U18z753G8cR2nTrEKyZDP/remote-senior-outsystems-developer-in-india-at-blackstone-eit,Senior Outsystems Developer,https://jobs.workable.com/view/qvuoUU4Huzvrfnh9fi9pPV/business-development-executive-(field-sales)-%7C-chennai-in-chennai-at-apna,Business Development Executive (Field Sales) | Chennai
Arevon,Transforming North America's energy with innovative renewable solutions to reduce planetary impact.,https://arevonenergy.com,https://www.linkedin.com/company/arevon,https://arevonenergy.com/careers/,https://job-boards.greenhouse.io/arevonenergyimpltest/jobs/4674720007,,,,,,
Bird,"Eco-friendly, dockless electric scooters revolutionizing urban transportation.",https://www.bird.co,https://www.linkedin.com/company/birdhq,https://www.bird.co/careers/,https://bird.com/en-us/careers,,,,,,
Planet,"Empowering impactful stewardship through timely, global Earth-imaging satellite data.",https://www.planet.com,https://ie.linkedin.com/company/planet,https://www.planet.com/company/careers/,https://www.planet.com/company/careers/,,,,,,
Sparkfund,"Transforming buildings into valuable, grid-supportive assets for a sustainable energy future.",https://sparkfund.com,https://www.linkedin.com/company/sparkfunder,https://sparkfund.com/openroles,http://job-boards.greenhouse.io/sparkfund,,,,,,
Cypress Creek Renewables,"Developing 12GW of solar energy for a cleaner, safer, and better world.",https://ccrenew.com,https://www.linkedin.com/company/cypress-creek-renewables,https://ccrenew.com/careers/,https://job-boards.greenhouse.io/embed/job_board?for=cypresscreekrenewables,,,,,,
Thrive Market,"Promoting healthy, sustainable living while being zero waste and Climate Neutral Certified.",https://thrivemarket.com,https://www.linkedin.com/company/thrivemarket,https://thrivemarketjobs.com/,https://www.linkedin.com/jobs/thrive-market-jobs,https://www.linkedin.com/jobs/view/manager-partnerships-instagram-at-thrive-market-4265602609?position=1&pageNum=0&refId=6wfcZyrmIbAiOauqrdC4Qg%3D%3D&trackingId=NrzTCzmh%2BhJqmBGCt7LvWw%3D%3D,Manager-Partnerships-Instagram — ,https://www.linkedin.com/jobs/view/content-creator-performance-creative-at-thrive-market-4254822264?position=2&pageNum=0&refId=6wfcZyrmIbAiOauqrdC4Qg%3D%3D&trackingId=oC6D2ixPt%2B81JGE4rCm6GA%3D%3D,Content Creator-Performance Creative ,https://www.linkedin.com/jobs/view/crm-coordinator-at-thrive-market-4221968133?position=3&pageNum=0&refId=6wfcZyrmIbAiOauqrdC4Qg%3D%3D&trackingId=FO39DIdC%2FCFGRnPQF9mZAw%3D%3D,CRM Coordinator — 
Deep Sky,Reversing climate change with renewable-powered carbon removal and long-term storage.,https://www.deepsky.co,https://ca.linkedin.com/company/deep-sky-climate,https://www.deepskyclimate.com/career,https://jobs.lever.co/deepsky,https://jobs.lever.co/deepsky/0abf40b5-025f-4ba1-98a3-f5a2ff2f222b,Project Manager-Hybrid —Full-TimeRemote - Anywhere in The World / Toronto / Montréal / Alberta,https://jobs.lever.co/deepsky/7a1643b7-33fd-46e2-b8bc-f08205d3f462,Senior Project DirectorRemote —Full-TimeRemote - Anywhere in The World / Remote USA,https://jobs.lever.co/deepsky/163bcbc9-bfbe-4728-b240-08e3ee56568f,Electrical Engineer - R&D TeamOn-site —Full-TimeLos Angeles CA
Zen Ecosystems,Smart energy management solutions to cut bills and boost efficiency for homes and businesses.,https://zenecosystems.com,https://www.linkedin.com/company/zen-ecosystems,https://www.climatetechlist.com/company/zen-ecosystems?ref=ctl-jobs,https://zenecosystems.com/,,,,,,
Ecosia,Search the web and fund tree planting with a CO2-neutral search engine.,https://www.ecosia.org,https://www.linkedin.com/company/ecosia,https://explore.ecosia.org/jobs,https://www.linkedin.com/jobs/ecosia-jobs-worldwide,https://de.linkedin.com/jobs/view/software-engineer-backend-at-ecosia-4281677101?position=1&pageNum=0&refId=4CliqeI0nJusbp%2Fuv%2FM3Mw%3D%3D&trackingId=IHpIQkKuon7GZ5PdFF15gw%3D%3D,Software Engineer - Backend — ,https://de.linkedin.com/jobs/view/engineering-manager-at-ecosia-4267768415?position=2&pageNum=0&refId=4CliqeI0nJusbp%2Fuv%2FM3Mw%3D%3D&trackingId=HY61aKYouqVNX7J%2FWqEDEg%3D%3D,Engineering Manager — ,https://de.linkedin.com/jobs/view/seo-sea-spezialist-m-w-x-remote-hybrid-at-cismart-solutions-gmbh-4279815199?position=3&pageNum=0&refId=4CliqeI0nJusbp%2Fuv%2FM3Mw%3D%3D&trackingId=VgUk%2FvpQ4RF825ofKxMqBw%3D%3D,SEO / SEA Spezialist (m/w/x) - Remote / Hybrid 
Califia Farms,"Nourishing the world with plant-based beverages, powered by renewable energy and sustainable practices.",https://www.califiafarms.com,https://www.linkedin.com/company/califia-farms,https://careers-califiafarms.icims.com/,https://www.linkedin.com/jobs/califia-farms-jobs,https://www.linkedin.com/jobs/view/corporate-accounts-manager-foodservice-distribution-at-califia-farms-4261846692?position=1&pageNum=0&refId=0dJImn5X8%2FeQtCHy%2Fhozog%3D%3D&trackingId=6w2%2Fc2S%2FER3pz%2BUh%2BQcIhg%3D%3D,"Corporate Accounts Manager, Foodservice Distribution — ",https://www.linkedin.com/jobs/view/social-media-intern-at-califia-farms-4279765272?position=2&pageNum=0&refId=0dJImn5X8%2FeQtCHy%2Fhozog%3D%3D&trackingId=Bsgc1A02pdA4XIQVXnC%2Big%3D%3D,Social Media Intern,https://www.linkedin.com/jobs/view/influencer-and-pr-intern-at-califia-farms-4281130193?position=3&pageNum=0&refId=0dJImn5X8%2FeQtCHy%2Fhozog%3D%3D&trackingId=0ZgCYdJv%2FxWL%2Bv7Mg4pvdA%3D%3D,Influencer and PR Intern
Omnidian,Empowering sustainable energy with 24/7 solar system monitoring and advanced diagnostics.,https://www.omnidian.com,https://www.linkedin.com/company/omnidian-inc,https://www.omnidian.com/careers/job-postings/,https://jobs.lever.co/omnidian,https://jobs.lever.co/omnidian/4e07bb69-417b-4e0f-bb53-09568bc63430,Service EngineerRemote —Full-timeMelbourne,https://jobs.lever.co/omnidian/e42eb23b-bf6b-429b-a3c1-346e2bfcd689,Product ManagerRemote —Full-timeMelbourne,https://jobs.lever.co/omnidian/214dbd1d-d1b1-4bf2-999b-71c62488a8d6,Field Service Procurement ManagerRemote —Full-timeRemote
ClimateWorks Foundation,Amplifying philanthropic power to combat global climate change.,https://www.climateworks.org,https://www.linkedin.com/company/climateworks,https://www.climateworks.org/careers/,https://apply.workable.com/climateworks-foundation-1/,,,,,,
Applied Intuition,"Accelerating safe, intelligent machines for a sustainable future in transport and construction.",https://www.appliedintuition.com,https://www.linkedin.com/company/applied-intuition-inc,https://www.appliedintuition.com/careers,https://www.appliedintuition.com/careers,,,,,,
Aurora Solar,Empowering solar adoption with AI-driven platform for a sustainable future.,https://aurorasolar.com,https://www.linkedin.com/company/aurora-solar,https://aurorasolar.com/careers/,https://aurorasolar.com/careers/,,,,,,
Solvenergy.com,Pioneering cleaner power and brighter futures through extensive solar energy projects across North America.,https://www.solvenergy.com,https://www.linkedin.com/company/solv-energy,https://www.solvenergy.com/careers,https://solvenergy.wd1.myworkdayjobs.com/SOLV_External_Career,https://solvenergy.wd1.myworkdayjobs.com/SOLV_External_Career/job/Field/Solar-Field-Services-Technician--Temple--TX-_J11858, Solar Field Services Technician (Temple TX)-San Diego CA Renewable Group, https://solvenergy.wd1.myworkdayjobs.com/SOLV_External_Career/job/Remote/DOT-Compliance-Administrator_J11826, DOT compliance administrator- san diego ca renewable group, https://solvenergy.wd1.myworkdayjobs.com/SOLV_External_Career/job/San-Diego-CA-Renewable-Group/Senior-Engineering-Controls-Analyst_J11795-1, Solar engineering control analyst
Apollo,Innovative capital solutions for growth with a focus on sustainable and impactful investing.,https://www.apollo.com,https://www.linkedin.com/company/apollo-global-management-inc,https://www.apollo.com/careers,https://athene.wd5.myworkdayjobs.com/Apollo_Careers,https://athene.wd5.myworkdayjobs.com/Apollo_Careers/job/New-York-New-York/Associate--Salesforce-Developer---Product-Owner_R252901, Director- Settlement & Execution - ACS- New York, https://athene.wd5.myworkdayjobs.com/Apollo_Careers/job/El-Segundo-2121-Rosecrans-Avenue-Suite-5300/Director---Consultant-Relations_R252948, Director - Consultant Relations-El Segundo 2121 Rosecrans Avenue Suite 5300, https://athene.wd5.myworkdayjobs.com/Apollo_Careers/job/New-York-New-York/Associate--Alternative-Trading_R253187, Associate Alternative Trading-newyork
Workiva,Streamlining integrated ESG reporting for transparent climate impact and compliance.,https://www.workiva.com,https://www.linkedin.com/company/workiva,https://www.workiva.com/careers,https://workiva.wd1.myworkdayjobs.com/careers, https://workiva.wd1.myworkdayjobs.com/careers/job/USA---Remote/Director-of-Data-Science_R10274, Director of Data Science-USA-Remote, https://workiva.wd1.myworkdayjobs.com/careers/job/USA---Remote/Senior-Finance-Systems-Administrator-Analyst_R10378, Senior Finance Systems Administrator/Analyst-USA-Remote, https://workiva.wd1.myworkdayjobs.com/careers/job/London/Strategic-Account-Executive---Managed-Service-Providers_R10503, Strategic Account Executive - Managed Service Providers-London
Dynapower,"Power electronics leader driving a resilient, clean energy future through innovative power conversion and storage solutions.",https://dynapower.com,https://www.linkedin.com/company/dynapower-company-llc,https://sensata.wd1.myworkdayjobs.com/Sensata-Careers/page/fda7a61bd64210014f29b5c561950000,https://sensata.wd1.myworkdayjobs.com/Sensata-Careers/page/fda7a61bd64210014f29b5c561950000,https://sensata.wd1.myworkdayjobs.com/Sensata-Careers/job/Sofia-Bulgaria/Test-Coordinator--Maternity-Cover-_IRC95834, Test Coordinator (Maternity Cover)-Sofia-Bulgaria, https://sensata.wd1.myworkdayjobs.com/Sensata-Careers/job/Pune-India/Functional-Safety---Cyber-Security-Auditor_IRC93151/apply, Functional Safety / Cyber Security Auditor-Pune-India, https://sensata.wd1.myworkdayjobs.com/Sensata-Careers/job/Sensata-Wuhu-CN/Production-supervisor_IRC95831, production superviser-sensata wuhu CN
GFL Environmental,Driving sustainable waste management and soil remediation for a greener future.,https://gflenv.com,https://co.linkedin.com/company/gflenvironmental,https://gflenv.com/career/,https://www.indeed.com/q-gfl-environmental-jobs.html, https://wd3.myworkdaysite.com/en-US/recruiting/gflenv/Careers/job/Houston-Texas/CDL-Driver---Commercial-Frontload_R28105?locationCountry=bc33aa3152ec42d4995f4791a106ed09, CDL Driver - Commercial Frontload-Houston-Texas, https://wd3.myworkdaysite.com/en-US/recruiting/gflenv/Careers/job/Mayville-Wisconsin/Plant-Maintenance-Technician_R25374?locationCountry=bc33aa3152ec42d4995f4791a106ed09, Plant Maintenance Technician-Mayville-Wisconsin, https://wd3.myworkdaysite.com/en-US/recruiting/gflenv/Careers/job/Houston-Texas/CDL-Driver---Residential_R26613?locationCountry=bc33aa3152ec42d4995f4791a106ed09, CDL Driver - Residential-Houston-Texas
C&D Technologies,Empowering critical operations with eco-friendly power systems and sustainable energy solutions.,https://www.cdtechno.com,https://www.linkedin.com/company/c&d-technologies,https://www.cdtechno.com/about-us/careers,"https://www.ziprecruiter.com/co/C-D-Technologies/Jobs/-in-Attica,IN",,,,,,
The Environmental Defense Fund,"Driving impactful environmental solutions through science, partnerships, and market-based approaches globally.",https://www.edf.org,https://www.linkedin.com/company/environmental-defense,https://www.edf.org/jobs,https://www.linkedin.com/company/environmental-defense/jobs,https://be.linkedin.com/jobs/view/policy-analyst-eu-methane-at-environmental-defense-fund-4268414405?refId=N6Q1ulswfByYVxm7pmD0xQ%3D%3D&trackingId=yvOV4%2BMsD3MH8YkUW3Wykg%3D%3D,Policy Analyst-EU Methane — ,https://www.linkedin.com/jobs/view/human-resources-ethics-coordinator-at-environmental-defense-fund-4281373503?refId=N6Q1ulswfByYVxm7pmD0xQ%3D%3D&trackingId=2S3wlqJqFFVQ3L%2FLDveEeA%3D%3D,Human Resources & Ethics Coordinator — ,https://www.linkedin.com/jobs/view/human-resources-ethics-coordinator-at-environmental-defense-fund-4281373502?refId=N6Q1ulswfByYVxm7pmD0xQ%3D%3D&trackingId=HmRqPqIFN4oPRj5VwinaLg%3D%3D,Human Resources & Ethics Coordinator 
Qmerit,"Simplifying electrification adoption, driving green energy transition for homes and businesses.",https://qmerit.com,https://www.linkedin.com/company/qmerit,https://qmerit.com/career/,https://qmerit.com/blog/find-ev-installation-jobs-in-your-area/,,,,,,
Advantage Capital Management,"Catalytic investments in underserved areas to boost economies, communities, and renewable energy solutions.",https://www.advantagecap.com,https://www.linkedin.com/company/advantagecapital,http://www.advantagecap.com/careers/,https://www.linkedin.com/company/advantagecapital/jobs,https://www.linkedin.com/jobs/view/it-technician-level-1-at-advantage-capital-4257491128?refId=uZc4XAX6bw%2B8l7FYGifVyw%3D%3D&trackingId=UQY3SB32Z3Fk1%2FfLY%2Bli6g%3D%3D,IT Technician- Level 1 — ,https://www.linkedin.com/jobs/view/hr-director-at-advantage-capital-4266385012?refId=uZc4XAX6bw%2B8l7FYGifVyw%3D%3D&trackingId=ma%2BKGiFcLTE398dWn0yAFg%3D%3D,HR Director — ,https://www.linkedin.com/jobs/view/analyst-lihtc-at-advantage-capital-4220629972?refId=uZc4XAX6bw%2B8l7FYGifVyw%3D%3D&trackingId=Ik3itbvkxSiga7cjjGayig%3D%3D,Analyst- LIHTC — 
David Suzuki Foundation,"Protecting nature and fostering a sustainable Canada through research, education, and policy.",https://davidsuzuki.org,https://ca.linkedin.com/company/david-suzuki-foundation,https://davidsuzuki.org/careers/,https://careers.smartrecruiters.com/DavidSuzukiFoundation,,,,,,
Resource Environmental Solutions,Restoring ecosystems and sequestering carbon through nature-based infrastructure projects.,https://res.us,https://www.linkedin.com/company/res-us,https://res.us/careers/open-positions/,https://job-boards.greenhouse.io/res/jobs/4706965008,,,,,,
Exponent,"Engineering and scientific consulting for safer, healthier, and more sustainable solutions globally.",https://www.exponent.com,https://www.linkedin.com/company/exponent,https://www.exponent.com/careers,https://www.exponent.com/careers,,,,,,
Context Labs,Accelerating global energy transition with trusted climate data and high-quality carbon credits.,https://contextlabs.com,https://www.linkedin.com/company/context-labs-bv,https://contextlabs.com/company/careers/,https://contextlabs.bamboohr.com/jobs/,,,,,,
350.org,Global grassroots movement driving climate action in over 188 countries.,https://350.org,https://www.linkedin.com/company/350-org,https://350.org/jobs/,https://www.ziprecruiter.com/co/350-Org/Jobs/Online-Communications-Manager,,,,,,
Scope3,Eliminate climate risk with advanced emission reduction solutions.,https://scope3.com,https://www.linkedin.com/company/scope3data,https://scope3.com/careers,https://scope3.com/careers,,,,,,
Generate Capital,Delivering sustainable infrastructure to power and transform communities across North America.,https://generatecapital.com,https://www.linkedin.com/company/generatecapital,https://generatecapital.com/careers/,https://generatecapital.com/careers/,,,,,,
Hydrosat,"Space-based thermal imagery for managing water stress, boosting food security, and protecting the environment.",https://hydrosat.com,https://www.linkedin.com/company/hydrosat,https://careers.hydrosat.com/,https://apply.workable.com/hydrosat/?lng=en,,,,,,
Phaidra,"AI-driven control systems for industrial efficiency, reducing energy waste and environmental impact.",https://www.phaidra.ai,https://www.linkedin.com/company/phaidra-ai,https://www.phaidra.ai/careers,https://job-boards.greenhouse.io/phaidra/jobs/4565620005,,,,,,
Charge Point,Empowering widespread EV adoption with the world's largest open charging network.,https://www.chargepoint.com,https://www.linkedin.com/company/chargepoint,,https://www.thechargepoint.com/careers/,,,,,,
Unison Infrastructure,Funding and managing sustainable infrastructure with $1.3B+ deployed since 2003.,https://www.unisoninfra.com,https://www.linkedin.com/company/unisoninfra,https://www.unisoninfra.com/careers/,https://jobs.lever.co/unisoninfra,https://jobs.lever.co/unisoninfra/e046ba33-b848-4e6d-8ef4-72ba3fd96868,Data Research Consultant - GreeceHybrid —Athens,https://jobs.lever.co/unisoninfra/9fc5b58d-7f0e-4f83-91b5-cd8909e04412,Data Research Consultant (6-Month Contract Potential to Extend) - Austria/GermanyHybrid —HybridVienna,https://jobs.lever.co/unisoninfra/a3de3e93-09b9-4143-a274-89993a8c1176,Data Research Consultant (6-Month Contract Potential to Extend) - LisbonHybrid —HybridLisbon
Last Energy,"Scaling micro nuclear to decarbonize energy and provide clean, affordable power globally.",https://www.lastenergy.com,https://www.linkedin.com/company/lastenergy,https://www.lastenergy.com/careers/jobs,https://jobs.lever.co/last-energy,https://jobs.lever.co/last-energy/b0946955-6a38-4174-9f20-8b11112113b7,Business Development AssociateOn-site —Full-timeAustin TX,https://jobs.lever.co/last-energy/993e8f5e-5ff8-497c-a7c1-baed603ba4d4,Federal Affairs LeadOn-site —Full-time-Washington DC,https://jobs.lever.co/last-energy/286dcdd6-4200-44bb-ae2a-e36dd87e3800,FellowshipOn-site —Full-timeAustin TX
Velo3D,Revolutionizing metal 3D printing for cleaner energy and efficient transportation.,https://velo3d.com,https://www.linkedin.com/company/velo3d,https://velo3d.com/careers/,https://jobs.lever.co/velo3d,https://jobs.lever.co/velo3d/34cf69d8-8794-4145-a336-41ca25558126,Field Service Engineer - Greater Los AngelesOn-site —Full TimeGreater Los Angeles,https://jobs.lever.co/velo3d/77b41278-15b6-480b-bb9b-cc1e199c6bbb,Senior Electrical EngineerOn-site —Full TimeFremont CA,https://jobs.lever.co/velo3d/122e7abb-7610-4d44-bef7-115bf64ca4b4,Senior Mechanical EngineerOn-site —Full TimeFremont CA
Sublime Systems,"Revolutionizing cement with zero-carbon, low-energy production for significant global emissions reduction.",https://sublime-systems.com,https://www.linkedin.com/company/sublime-cement,https://jobs.lever.co/SublimeSystems,https://jobs.lever.co/SublimeSystems,https://jobs.lever.co/SublimeSystems/09c02bae-199d-47bb-af9c-983f1e40c092,Head of European Market DevelopmentRemote —Full TimeParis,https://jobs.lever.co/SublimeSystems/2e608cfc-faa8-455e-9c79-5c5f718cfff9,Head of Partnership DevelopmentRemote —Full TimeRemote,https://jobs.lever.co/SublimeSystems/3b87ad64-4884-4852-b18f-3a1bb458b6e5,Process Engineer llOn-site —Full TimeSomerville MA
Brookfield Global Asset Management Limited,Investing globally in renewable power and infrastructure to support climate resilience and sustainability.,https://www.brookfield.com,https://ca.linkedin.com/company/brookfield,https://www.brookfield.com/careers/opportunities,https://brookfield.wd5.myworkdayjobs.com/brookfield,https://brookfield.wd5.myworkdayjobs.com/brookfield/job/Tokyo-Japan/Vice-President--Client-Service--Japan_R2044960/apply, Vice President-japan-tokyo, https://brookfield.wd5.myworkdayjobs.com/brookfield/job/Toronto-Ontario/Analyst--Capital-Markets---Treasury_R2044300/apply, Capital market analyst-Ontario, https://brookfield.wd5.myworkdayjobs.com/brookfield/job/London-England/Deal-Execution-Manager_R2045145/apply, Deal executive manager-london-england
Muon Space,Revolutionizing climate action with cutting-edge Earth-sensing satellite technology.,https://www.muonspace.com,https://www.linkedin.com/company/muon-space,https://www.muonspace.com/careers,https://boards.greenhouse.io/muonspace,,,,,,
BorgWarner,"Driving carbon neutrality in automotive solutions for a cleaner, healthier, and safer future by 2035.",https://www.borgwarner.com,https://www.linkedin.com/company/borgwarner,https://www.borgwarner.com/careers,https://borgwarner.wd5.myworkdayjobs.com/BorgWarner_Careers,https://borgwarner.wd5.myworkdayjobs.com/BorgWarner_Careers/job/Saltillo---Mexico/Master-Scheduler_R2025-2846/apply, Master Scheduler-Saltillo - Mexico, https://borgwarner.wd5.myworkdayjobs.com/BorgWarner_Careers/job/Viana-do-Castelo-II---Portugal/Industrial-Engineer--M-F-D-_R2025-3073, Industrial Engineer (M/F/D)-Viana do Castelo II - Portugal, https://borgwarner.wd5.myworkdayjobs.com/BorgWarner_Careers/job/San-Luis-Potos---Mexico/Warranty-Quality-Engineer_R2025-3089, Warranty Quality Engineer-mexico
Fluence,Driving clean energy transition with scalable storage and AI-optimized management.,https://fluenceenergy.com,https://www.linkedin.com/company/fluenceenergy,https://fluenceenergy.com/energy-storage-careers/,https://jobs.lever.co/fluence,https://jobs.lever.co/fluence/58f2cd2c-fb95-4bf6-a211-bf8b4e647d80,Engineer RMDCOn-site —Bangalore India,https://jobs.lever.co/fluence/4b44f2d0-161b-4a48-8e26-d72639f26ba7,Network Monitoring Engineer AnalystHybrid —Full-timeBangalore India,https://jobs.lever.co/fluence/939aea96-ad59-4b27-b682-46c054c7f3a1,Commissioning EngineerRemote —Full-timeSan Francisco/Mountain View CA USA
Bidgely,Revolutionizing home energy savings with appliance-specific analytics to combat climate change.,https://www.bidgely.com,https://www.linkedin.com/company/bidgely,https://www.bidgely.com/careers/,https://www.bidgely.com/careers/,,,,,,
XENERGY,"Reinventing nuclear power for safe, affordable, and carbon-free energy.",https://x-energy.com,https://www.linkedin.com/company/x-energy,https://x-energy.com/careers,https://xenergy.wd5.myworkdayjobs.com/en-US/X-energyUS/job/Engineer-V--Mechanical_R100413,,,,,,
Key Capture Energy,"Advancing large-scale energy storage for a stable, renewable-powered grid.",https://keycaptureenergy.com,https://www.linkedin.com/company/key-capture-energy,https://keycaptureenergy.com/careers/,https://20230417161904_8clld49cklrdhnma.applytojob.com/apply/BOBxOpruL5/General-Resumes,,,,,,
Sky Climber Renewables,"Driving renewable energy with comprehensive wind, solar, and battery solutions for a sustainable future.",https://skyclimber-re.com,https://www.linkedin.com/company/sky-climber-wind-solutions,https://skyclimber-re.com/careers/,https://www.indeed.com/q-sky-climber-jobs.html, https://renewables-skyclimber.icims.com/jobs/2840/mce-lead-technician-ge-experience/job, MCE Lead Technician GE Experience Job LocationsUS-Travel, https://renewables-skyclimber.icims.com/jobs/2537/travel---wind-service-technician-level-2-canada/job, Travel - Wind Service Technician Level 2 Canada Job LocationsCA-Travel, https://renewables-skyclimber.icims.com/jobs/2538/travel---wind-service-technician-level-3-canada/job, Travel - Wind Service Technician Level 3 Canada Job LocationsCA-Trave
World Wildlife Fund,United for a sustainable future through global conservation and innovative solutions.,https://www.worldwildlife.org,https://www.linkedin.com/company/world-wildlife-fund,https://www.worldwildlife.org/about/careers,https://www.linkedin.com/company/world-wildlife-fund/jobs,https://www.linkedin.com/jobs/view/associate-specialist-face-to-face-fundraising-26011-at-world-wildlife-fund-4281887242?refId=u4JqMLNCkxoaBENwLhxK%2Fg%3D%3D&trackingId=SMVDkjjhXUffnsWKpd%2Fj%2Bw%3D%3D,"Associate Specialist, Face-to-Face Fundraising - 26011 — ",https://www.linkedin.com/jobs/view/manager-direct-response-marketing-26012-at-world-wildlife-fund-4281886333?refId=u4JqMLNCkxoaBENwLhxK%2Fg%3D%3D&trackingId=JlwLm%2FcIRI01Nbj%2FO4sH9w%3D%3D,Manager-Direct Response Marketing - 26012 — ,https://www.linkedin.com/jobs/view/director-nature-markets-and-nbs-development-26016-at-world-wildlife-fund-4281885351?refId=u4JqMLNCkxoaBENwLhxK%2Fg%3D%3D&trackingId=vO6nOYq9I8lRQVNC3qnaBQ%3D%3D,Director- Nature Markets and NbS Development - 26016 — 
Enpowered,"Accelerating energy-saving solutions, reducing emissions, and promoting renewable energy adoption.",https://www.pmddtc.state.gov,https://ca.linkedin.com/company/getenpowered,https://enpowered.com/company/careers/,https://enpowered.com/company/careers/,,,,,,
Power Factors,Accelerating the energy transition with software for optimizing renewable asset performance and collaboration.,https://www.powerfactors.com,https://www.linkedin.com/company/power-factors-inc,https://www.powerfactors.com/careers,https://jobs.workable.com/company/5VNM2RPLsJYTKZx8pvHLpf/jobs-at-power-factors,https://jobs.workable.com/view/dVdkgk4zt7Pi7RG4C2Xkfa/enterprise-account-executive%2C-renewable-energy-(remote-in-united-states)-in-united-states-at-power-factors,Enterprise Account Executive Renewable Energy (Remote in United States),https://jobs.workable.com/view/4ZZTMoTKch2KAAtF9cL4s6/hybrid-data-scientist---battery-energy-storage-systems-(bess)-(hybrid-in-canada)-in-montreal-at-power-factors,Data Scientist - Battery Energy Storage Systems (BESS) (Hybrid in Canada),https://jobs.workable.com/view/bYgArqfRa1btkLmFi1BK88/hybrid-data-scientist---battery-energy-storage-systems-(bess)-(hybrid-in-greece)-in-athens-at-power-factors,Data Scientist - Battery Energy Storage Systems (BESS) (Hybrid in Greece)
Ecology Project International,Youth-driven conservation through local expert-student partnerships to protect threatened species and habitats.,https://www.ecologyproject.org,https://bz.linkedin.com/company/ecology-project-international?trk=ppro_cprof,,https://www.indeed.com/q-ecology-project-international-jobs.html, https://ecologyproject.bamboohr.com/careers/108, Senior Accountant & Grant Compliance Lead Shared Services - Missoula Montana,,,,
Enverus,"Accelerating investment in efficient, renewable energy development and distribution.",https://www.enverus.com,https://www.linkedin.com/company/enverus-energy,https://www.enverus.com/careers/,https://www.enverus.com/careers/,,,,,,
FlexGen,"Advanced energy storage solutions reducing environmental impact with flexible, software-first technology.",https://www.flexgen.com,https://www.linkedin.com/company/flexgen,https://www.flexgen.com/careers,https://www.flexgen.com/careers,,,,,,
The Aspen Institute,"Driving global climate solutions through dialogue, leadership, and impactful action.",https://www.aspeninstitute.org,https://www.linkedin.com/company/the-aspen-institute,https://www.aspeninstitute.org/about/our-careers/,https://www.linkedin.com/company/the-aspen-institute/jobs,https://www.linkedin.com/jobs/view/program-coordinator-at-the-aspen-institute-4282356158?refId=8rgXuIYydW4AF%2FDHHuUrWg%3D%3D&trackingId=SMmMLWOcIvgXe%2Bk%2B8Qo4MQ%3D%3D,Program Coordinator — ,https://www.linkedin.com/jobs/view/project-manager-take9-cybersecurity-programs-at-the-aspen-institute-4281859507?refId=8rgXuIYydW4AF%2FDHHuUrWg%3D%3D&trackingId=3iPu1%2Bo1OgfmY2fg9gteCA%3D%3D,Project Manager-Take9-Cybersecurity Programs — ,https://www.linkedin.com/jobs/view/associate-digital-content-editor-at-the-aspen-institute-4281901614?refId=8rgXuIYydW4AF%2FDHHuUrWg%3D%3D&trackingId=FvQF6epG8ti7BdjTpdTHeA%3D%3D,"Associate, Digital Content Editor — "
