company,job_page
ProPlant,
Dog First,
Voltanova,
Cocoabuzzz,
Live Yum,
Novel Foods,
Altein,
Vegan Heat,
Anuvi Food Sciences,
Protainable Smart Foods,
Sustein,
IndiMyco,
Rewild Bio,
Progen Foods Private Limited,
Scion Algae,
KriSHE Carbon,
Ocean Vital Aquatics,
Terracusto,
Watthour24,
Resilience,
Energy Flow,
RF Power,
ASMI Innovations,
Earthtech,
Terra Crop Science,
Exponent Energy,https://jobs.workable.com/view/4TwaWhuPZFJBBhCFSrPBMc/sales-officer---3-wheeler---ncr-in-ghaziabad-at-exponent-energy
Charzer,https://apply.workable.com/charger-logistics-inc/
RACEnergy,https://minnstate.wd1.myworkdayjobs.com/Minnesota_State_Careers
Beco,https://kwickliving.keka.com/careers
Clean Electric,https://www.cleanelectric.in/careers-softwareengineerdetailpage
AgriCapita Innotech,https://documents1.worldbank.org/curated/en/937391468253802602/txt/PUB2378000Indo0ibution0in0Indonesia.txt
Aerostrovilos Energy,https://www.naukri.com/aerostrovilos-energy-jobs-careers-123672055
Kamal Kisan (Simple Farms),https://www.naukri.com/kamal-kisan-jobs-careers-1304334
Veggie Champ,https://www.researchdive.com/306/plant-based-meat-market
Krishitantra,https://ag-hub.co/krishitantra/
Polycyl,https://www.naukri.com/job-listings-r-d-lab-research-assistant-polycycl-chandigarh-0-to-5-years-180825016072
Vezlay,https://www.vevolution.com/jobs?page=2
Log9 Materials,https://www.naukri.com/log9-materials-jobs-careers-4868304
Craste,https://www.naukri.com/craste-jobs-careers-5408324
GreenPod Labs,"https://www.glassdoor.com/Job/internship-jobs-SRCH_IC2837574_KO0,10.htm"
1010 Solutions (Liquid Trees),https://law.lclark.edu/live/blogs/253-liquid-trees-carbon-capture-and-sequestration-via
Kinetic Green,https://www.kineticgreen.com/career
Slicc,https://www.dhakapost.com/jobs-career/290244
Terramatter,https://www.reddit.com/r/singularity/comments/1ek3h85/the_impact_of_ai_on_jobs/
Apeiro Energy,"https://www.glassdoor.com/Job/nadiad-no-experience-jobs-SRCH_IL.0,6_IC2935909_KO7,20.htm"
Base'P Sustainable Foods,
Kazam,https://www.naukri.com/kazam-jobs-careers-123951157
climateXcapital,https://ngobox.org/tag-Jobs-in-Delhi
Aerem,https://www.naukri.com/aerem-jobs-careers-123699585
Cropin,https://cropin.com/sitemap.xml
Proeon,https://job-boards.greenhouse.io/xairatherapeutics/jobs/4735480007
Skymet Weather,https://www.skymetweather.com/content/weather-news-and-analysis/impact-of-changing-climate-on-weather-and-human-activities/
Myoworks,https://www.reddit.com/r/slp/comments/1azu96x/is_there_any_validity_to_using_myofunctional/
GreenJoules,https://www.naukri.com/greenjoules-jobs-careers-6828401
Neat Meatt Biotech,https://www.frontiersin.org/journals/food-science-and-technology/articles/10.3389/frfst.2023.1126455/full
Clear Meat,https://www.clearmeat.org/
Air OK Technologies,https://www.justdial.com/Chennai/Corporate-Companies-in-Chakrapani-Road-Guindy/nct-10138533
Takachar,https://www.indeed.com/cmp/Takachar-Limited/salaries
XMACHINES,https://x.com/xmachinesai?lang=en
MyPlan8,https://myplan8.earth/faqs/
Demolish Foods,https://www.reddit.com/r/Austin/comments/u9ihej/central_market_westgate_opens_meatless_butcher/
AGEYE,https://www.greenhousecanada.com/eight-startups-chosen-for-indoor-agtech-program/
Strive,https://job-boards.greenhouse.io/strivepharmacy/jobs/4795699007
Funny Nani (Nayamylk),https://in.jobsora.com/jobs-ceo-noida
Imagine Meats,https://www.naukri.com/imagine-foods-jobs-careers-123565313
Plantelo,https://www.gardenweasel.com/
Evo Foods,https://www.emergenresearch.com/industry-report/plant-based-food-and-beverages-alternatives-market?srsltid=AfmBOopzvncBYqMBXRGahdahkzVSEYMo1ZhecYvT9HM-Jdoex4V0f4rX
Pfood4Kids,
Kheyti,https://kheyti.zohorecruit.com/jobs/Careers
FarMart,"https://www.indeed.com/q-farmart-produce-l-philadelphia,-pa-jobs.html"
Superplum,https://superplum.keka.com/careers
Climes,https://creators.spotify.com/pod/show/climes
Hrimtron Energy Systems,https://www.scribd.com/document/734157018/ICSSR
Yulu,https://recruitment.yulu.bike/
String Bio,https://www.stringbio.com/
qZense Labs,https://www.seedquest.com/jobs.php?do=signup&type=job
TekUncorked,https://www.naukri.com/tekuncorked-aiiot-jobs-careers-123800425
Bambrew,https://m.economictimes.com/tech/funding/sustainable-packaging-startup-bambrew-raises-7-million-led-by-blume-ventures/articleshow/108871944.cms
CHUK,https://cecentertainment.wd5.myworkdayjobs.com/CEC_Careers
Infiction Labs,https://www.eai.in/solutions/indea/ict100/2022
Harvested Robotics,https://wellfound.com/startups/industry/farming
AXIA Foods,
Hygenco,https://www.topsoe.com/press-releases/topsoe-is-selected-technology-provider-by-indian-frontrunner-in-green-ammonia-hygenco
Ola Electric,https://www.olaelectric.com/careers
Plant Veda,https://www.globenewswire.com/news-release/2022/03/22/2407590/0/en/Plant-Veda-Attended-the-Naturals-Products-Expo-West-in-California.html?f=22&fvtc=2&fvtv=1
AyeKart,https://ayekart.com/careers.html
Pixxel,https://www.indeed.com/q-pixxel-jobs.html
Katharos,https://acr.iitm.ac.in/wp-content/uploads/2020/10/IIT-Madras-Monthly-Coverage-Dossier_September-2020_Part2.pdf
Fermbox,https://fermbox.bio/careers/
RecommerceX,https://www.naukri.com/recommercex-jobs-careers-124277064
AgNext,https://apply.workable.com/agnext-technologies/?lng=en
Sea6 Energy,https://www.sea6energy.com/
Eat with Better (Chateau Vert Pvt. Ltd.),https://www.reddit.com/r/AmItheAsshole/comments/1e2sy42/aita_for_telling_my_husband_to_stop_eating_like/
Sproutiens,https://www.thelifeco.com/wp-content/uploads/2020/01/info-magazine.pdf
Binbag,https://uk.indeed.com/Bag-IT-jobs
Sheru,https://www.amazon.com/Shapeshifter-Sheru-Siddhant-Kale-ebook/dp/B09PL2V5MK
Oben Electric,https://careers.obenelectric.com/jobs/Careers
Simple Energy,https://www.naukri.com/simpleenergy-jobs-careers-6523936
MilkinOats,https://www.reddit.com/r/Fitness/comments/24d3jg/whats_the_best_thing_to_have_for_breakfast_to/
FemtoFarad,https://www.tek.com/en/products/keithley/4200a-scs-parameter-analyzer
Poshn,https://wellfound.com/company/brave/people
